file,cycle,step,step_name,t_pre,t_post,t_fast,t_end,V_pre,V_post,V_fast,V_end,I_step,R0,R1,R2,C1,C2,duration_pre_post,duration_post_fast,duration_fast_end,cell,pulse_no,soc_pct,cell_id,rmse_V
RD_LFP_HPPC_REPT_Group0_150_0001_10_100,1,4,CC_DChg,3998.551,3998.571,4003.564,4028.523,3.512341,3.495761,3.360101,3.287378,-74.9969886,-0.0002210755432918,-0.0018088726298538,-0.0009696789345485,-2760.2827958115518,-25739.44747146604,0.0199999999999818,4.992999999999938,24.959000000000287,RD_LFP_HPPC_REPT_Group0_150_0001_10_100,1,10,Group0_150_0001_10_100,0.025544054434368958
RD_LFP_HPPC_REPT_Group0_150_0001_10_100,1,9,CC_DChg,7684.274,7684.304,7687.352,7714.303,3.40191,3.355587,3.316375,3.261182,-74.9979684,-0.0006176567310855,-0.000522840829379,-0.0007359266014464,-5829.690086789324,-36621.85868404327,0.0299999999997453,3.0479999999997744,26.951000000000025,RD_LFP_HPPC_REPT_Group0_150_0001_10_100,2,20,Group0_150_0001_10_100,0.011389821013018653
RD_LFP_HPPC_REPT_Group0_150_0001_10_100,1,14,CC_DChg,11364.649,11364.686,11367.675,11394.632,3.360387,3.335266,3.283544,3.243554,-74.9978346,-0.000334956337526,-0.0006896465781426,-0.0005332153949948,-4334.104010273561,-50555.55457144853,0.0370000000002619,2.988999999999578,26.95700000000033,RD_LFP_HPPC_REPT_Group0_150_0001_10_100,3,30,Group0_150_0001_10_100,0.010865965981664135
RD_LFP_HPPC_REPT_Group0_150_0001_10_100,1,19,CC_DChg,15045.031,15045.057,15048.061,15075.029,3.338511,3.297107,3.264055,3.233559,-74.9978658,-0.00055206904301,-0.0004407058740596,-0.0004066249042516,-6816.337554856715,-66321.56495587835,0.0259999999998399,3.003999999998996,26.96800000000076,RD_LFP_HPPC_REPT_Group0_150_0001_10_100,4,40,Group0_150_0001_10_100,0.007737562124481246
RD_LFP_HPPC_REPT_Group0_150_0001_10_100,1,24,CC_DChg,18725.145,18725.164,18729.164,18755.136,3.330714,3.33069,3.255366,3.230489,-74.9979988,-3.2000853867852745e-07,-0.0010043467986508,-0.0003317021840321,-3982.688056927399,-78299.15282523786,0.0190000000002328,4.0,25.971999999997934,RD_LFP_HPPC_REPT_Group0_150_0001_10_100,5,50,Group0_150_0001_10_100,0.01545773323716337
RD_LFP_HPPC_REPT_Group0_150_0001_10_100,1,29,CC_DChg,22405.604,22405.635,22408.632,22435.584,3.328782,3.283364,3.256674,3.230729,-74.9979142,-0.0006055901751998,-0.0003558765638311,-0.0003459429542375,-8421.4593052688,-77908.79874805313,0.0309999999990395,2.997000000003027,26.951999999997497,RD_LFP_HPPC_REPT_Group0_150_0001_10_100,6,60,Group0_150_0001_10_100,0.006515722698264629
RD_LFP_HPPC_REPT_Group0_150_0001_10_100,1,34,CC_DChg,26086.389,26086.408,26089.409,26116.354,3.328142,3.320539,3.255521,3.229616,-74.9977676,-0.0001013763508342,-0.0008669324712006,-0.0003454102812521,-3461.630634095396,-78008.67971364564,0.0190000000002328,3.001000000000204,26.94499999999971,RD_LFP_HPPC_REPT_Group0_150_0001_10_100,7,70,Group0_150_0001_10_100,0.01201404548600511
RD_LFP_HPPC_REPT_Group0_150_0001_10_100,1,39,CC_DChg,29766.464,29766.513,29769.499,29796.469,3.327836,3.317828,3.254222,3.228134,-74.9976724,-0.0001334441413944,-0.0008481063206969,-0.0003478507954334,-3520.7849854802807,-77533.24228105177,0.0489999999990686,2.986000000000786,26.970000000001164,RD_LFP_HPPC_REPT_Group0_150_0001_10_100,8,80,Group0_150_0001_10_100,0.011783741492351544
RD_LFP_HPPC_REPT_Group0_150_0001_10_100,1,44,CC_DChg,33462.289,33462.315,33465.317,33492.282,3.327422,3.29089,3.25448,3.228731,-74.99794599999998,-0.0004871066735614,-0.0004854799623445,-0.0003433294026479,-6183.571378523213,-78539.73412131416,0.0260000000052968,3.0020000000004075,26.964999999996508,RD_LFP_HPPC_REPT_Group0_150_0001_10_100,9,90,Group0_150_0001_10_100,0.007624855861579348
RD_LFP_HPPC_REPT_Group0_150_0003_10_100,1,4,CC_DChg,4021.608,4021.631,4027.625,4051.599,3.498299,3.485215,3.355038,3.291701,-74.99704899999999,-0.0001744601977605,-0.0017357616297675,-0.0008445265626384,-3453.239141369135,-28387.502608680847,0.0229999999996834,5.994000000000142,23.97400000000016,RD_LFP_HPPC_REPT_Group0_150_0003_10_100,1,10,Group0_150_0003_10_100,0.02484473392682678
RD_LFP_HPPC_REPT_Group0_150_0003_10_100,1,9,CC_DChg,7707.597,7707.629,7710.629,7737.582,3.396337,3.381529,3.319237,3.26617,-74.99791400000001,-0.0001974454916172,-0.0008305831012846,-0.0007075796801495,-3611.9203429011873,-38091.82309235526,0.0320000000001527,3.0,26.95300000000043,RD_LFP_HPPC_REPT_Group0_150_0003_10_100,2,20,Group0_150_0003_10_100,0.013442809431533819
RD_LFP_HPPC_REPT_Group0_150_0003_10_100,1,14,CC_DChg,11387.889,11387.916,11390.916,11417.993,3.357321,3.327951,3.288057,3.249865,-74.9977612,-0.00039161168987,-0.0005319358786406,-0.0005092418678759,-5639.777500375952,-53171.19763333905,0.0270000000000436,3.0,27.07700000000113,RD_LFP_HPPC_REPT_Group0_150_0003_10_100,3,30,Group0_150_0003_10_100,0.009341607380580864
RD_LFP_HPPC_REPT_Group0_150_0003_10_100,1,19,CC_DChg,15068.314,15068.341,15071.345,15098.314,3.337335,3.295841,3.27052,3.241203,-74.9979276,-0.0005532686212518,-0.0003376226625227,-0.0003909041347963,-8897.506990653028,-68991.33981800609,0.0270000000000436,3.003999999998996,26.96900000000096,RD_LFP_HPPC_REPT_Group0_150_0003_10_100,4,40,Group0_150_0003_10_100,0.006894088095302905
RD_LFP_HPPC_REPT_Group0_150_0003_10_100,1,24,CC_DChg,18748.455,18748.488,18751.489,18778.774,3.330732,3.312176,3.264838,3.238461,-74.99792,-0.00024742019512,-0.0006311908383592,-0.0003517030872322,-4754.50500485901,-77579.64314364718,0.032999999999447,3.001000000000204,27.28499999999985,RD_LFP_HPPC_REPT_Group0_150_0003_10_100,5,50,Group0_150_0003_10_100,0.009241057437321397
RD_LFP_HPPC_REPT_Group0_150_0003_10_100,1,29,CC_DChg,22428.872,22428.903,22431.905,22458.879,3.329071,3.294903,3.2642,3.238729,-74.9979294,-0.0004555859111491,-0.0004093846356243,-0.0003396227096371,-7332.957172225226,-79423.4285122589,0.0309999999990395,3.0020000000004075,26.97400000000198,RD_LFP_HPPC_REPT_Group0_150_0003_10_100,6,60,Group0_150_0003_10_100,0.0069256144217257004
RD_LFP_HPPC_REPT_Group0_150_0003_10_100,1,34,CC_DChg,26109.65,26109.677,26111.679,26139.635,3.328598,3.2841,3.265486,3.23772,-74.99787699999999,-0.0005933234616761,-0.0002481936922027,-0.0003702238131354,-8066.280743205721,-75511.0800767795,0.0269999999982246,2.0020000000004075,27.955999999998312,RD_LFP_HPPC_REPT_Group0_150_0003_10_100,7,70,Group0_150_0003_10_100,0.006810849120374041
RD_LFP_HPPC_REPT_Group0_150_0003_10_100,1,39,CC_DChg,29790.027,29790.05,29793.069,29820.03,3.32836,3.313104,3.262249,3.236568,-74.998149,-0.0002034183536983,-0.000678083401765,-0.0003424217843029,-4452.254681565589,-78736.22893146469,0.0230000000010477,3.019000000000233,26.96099999999933,RD_LFP_HPPC_REPT_Group0_150_0003_10_100,8,80,Group0_150_0003_10_100,0.009764336770084245
RD_LFP_HPPC_REPT_Group0_150_0003_10_100,1,44,CC_DChg,33498.001,33498.024,33501.027,33527.244,3.327713,3.311418,3.262089,3.236839,-74.99799900000001,-0.0002172724634959,-0.0006577375484377,-0.0003366756491729,-4565.650854412575,-77870.19959535652,0.0230000000010477,3.003000000004249,26.216999999996915,RD_LFP_HPPC_REPT_Group0_150_0003_10_100,9,90,Group0_150_0003_10_100,0.009376884516645631
RD_LFP_HPPC_REPT_Group0_150_0004_10_100,1,4,CC_DChg,4006.58,4006.611,4010.61,4036.575,3.513517,3.469326,3.376554,3.294567,-74.99728619999999,-0.0005892346542,-0.0012370047597802,-0.0010931995563327,-3232.808902619525,-23751.38175787589,0.030999999999949,3.999000000000251,25.96499999999969,RD_LFP_HPPC_REPT_Group0_150_0004_10_100,1,10,Group0_150_0004_10_100,0.02048186660224925
RD_LFP_HPPC_REPT_Group0_150_0004_10_100,1,9,CC_DChg,7694.06,7694.097,7697.098,7724.046,3.400677,3.354683,3.321811,3.267936,-74.99766380000001,-0.0006132724363608,-0.0004383069863037,-0.0007183557096347,-6846.799375268122,-37513.44861405915,0.0369999999993524,3.001000000000204,26.94800000000032,RD_LFP_HPPC_REPT_Group0_150_0004_10_100,2,20,Group0_150_0004_10_100,0.010839271773891983
RD_LFP_HPPC_REPT_Group0_150_0004_10_100,1,14,CC_DChg,11374.367,11374.407,11377.408,11404.485,3.360355,3.315021,3.289714,3.250622,-74.997804,-0.0006044710322451,-0.0003374365468087,-0.0005212419286303,-8893.523918442075,-51947.08735567581,0.0399999999990541,3.001000000000204,27.07700000000113,RD_LFP_HPPC_REPT_Group0_150_0004_10_100,3,30,Group0_150_0004_10_100,0.008130751127454431
RD_LFP_HPPC_REPT_Group0_150_0004_10_100,1,19,CC_DChg,15054.791,15054.823,15057.829,15084.794,3.338934,3.299883,3.271014,3.241127,-74.9979312,-0.0005206943628333,-0.0003849306179261,-0.0003985043256766,-7809.199528461558,-67665.5139294011,0.0320000000010622,3.005999999999404,26.965000000000146,RD_LFP_HPPC_REPT_Group0_150_0004_10_100,4,40,Group0_150_0004_10_100,0.007245789400884308
RD_LFP_HPPC_REPT_Group0_150_0004_10_100,1,24,CC_DChg,18734.942,18734.969,18737.973,18765.259,3.331103,3.298133,3.26413,3.237685,-74.9979362,-0.0004396120969526,-0.0004533858093017,-0.0003526097028787,-6625.703624529087,-77383.00953499376,0.0270000000018626,3.004000000000815,27.28599999999642,RD_LFP_HPPC_REPT_Group0_150_0004_10_100,5,50,Group0_150_0004_10_100,0.007399569879102145
RD_LFP_HPPC_REPT_Group0_150_0004_10_100,1,29,CC_DChg,22415.429,22415.459,22418.44,22445.444,3.329078,3.288056,3.263326,3.237976,-74.9981752,-0.0005469733082252,-0.0003297413561603,-0.0003380082239654,-9040.418935349102,-79891.54726236145,0.0299999999988358,2.980999999999767,27.00400000000081,RD_LFP_HPPC_REPT_Group0_150_0004_10_100,6,60,Group0_150_0004_10_100,0.006252602823998678
RD_LFP_HPPC_REPT_Group0_150_0004_10_100,1,34,CC_DChg,26096.191,26096.222,26099.241,26126.202,3.328537,3.284102,3.262292,3.236936,-74.9976536,-0.0005924852027637,-0.0002908090980595,-0.0003380905772764,-10381.380844494208,-79744.90214188182,0.0310000000026775,3.019000000000233,26.96099999999933,RD_LFP_HPPC_REPT_Group0_150_0004_10_100,7,70,Group0_150_0004_10_100,0.005972933367947595
RD_LFP_HPPC_REPT_Group0_150_0004_10_100,1,39,CC_DChg,29776.576,29776.606,29778.606,29806.586,3.328333,3.282309,3.263559,3.235707,-74.9976582,-0.0006136724946433,-0.0002500078062437,-0.0003713715957067,-7999.750207999887,-75342.32645540661,0.0299999999988358,2.0,27.979999999999563,RD_LFP_HPPC_REPT_Group0_150_0004_10_100,8,80,Group0_150_0004_10_100,0.006804810207514383
RD_LFP_HPPC_REPT_Group0_150_0004_10_100,1,44,CC_DChg,33483.45,33483.478,33486.472,33512.691,3.327772,3.29424,3.261185,3.236018,-74.9979276,-0.0004471056877576,-0.0004407455120133,-0.0003355692724501,-6793.0357051673855,-78132.89878587918,0.0280000000057043,2.9939999999987776,26.21899999999732,RD_LFP_HPPC_REPT_Group0_150_0004_10_100,9,90,Group0_150_0004_10_100,0.007003749646585162
RD_LFP_HPPC_REPT_Group0_150_0007_10_100,1,4,CC_DChg,4020.771,4020.805,4024.802,4050.77,3.497125,3.45229,3.350843,3.270294,-74.99710400000001,-0.000597823083942,-0.0013526788981078,-0.0010740281384731,-2954.877174169976,-24178.137489875597,0.0339999999996507,3.9970000000002974,25.967999999999847,RD_LFP_HPPC_REPT_Group0_150_0007_10_100,1,10,Group0_150_0007_10_100,0.02119214007490351
RD_LFP_HPPC_REPT_Group0_150_0007_10_100,1,9,CC_DChg,7703.462,7703.492,7706.493,7733.406,3.398555,3.353343,3.303043,3.246657,-74.997785,-0.0006028444706733,-0.0006706864742738,-0.0007518355375428,-4474.519936083801,-35796.392503546216,0.0299999999997453,3.001000000000204,26.91299999999956,RD_LFP_HPPC_REPT_Group0_150_0007_10_100,2,20,Group0_150_0007_10_100,0.012682514536833089
RD_LFP_HPPC_REPT_Group0_150_0007_10_100,1,14,CC_DChg,11383.837,11383.861,11386.863,11413.819,3.356969,3.334888,3.268224,3.228131,-74.99768019999999,-0.0002944224400156,-0.0008888808270098,-0.0005345898685543,-3377.280630629645,-50423.701580605135,0.0240000000012514,3.0019999999985885,26.95600000000013,RD_LFP_HPPC_REPT_Group0_150_0007_10_100,3,30,Group0_150_0007_10_100,0.013109429887872103
RD_LFP_HPPC_REPT_Group0_150_0007_10_100,1,19,CC_DChg,15064.155,15064.186,15067.172,15094.114,3.336895,3.29155,3.24838,3.217202,-74.99772,-0.0006046183803987,-0.0005756174987719,-0.0004157193045335,-5187.472594858914,-64808.1522945642,0.0309999999990395,2.986000000000786,26.941999999999094,RD_LFP_HPPC_REPT_Group0_150_0007_10_100,4,40,Group0_150_0007_10_100,0.009180771667966397
RD_LFP_HPPC_REPT_Group0_150_0007_10_100,1,24,CC_DChg,18744.574,18744.605,18747.6,18774.531,3.330892,3.281848,3.243327,3.214798,-74.9978406,-0.0006539388282067,-0.0005136281217142,-0.0003803976190749,-5831.067017910286,-70796.97308698695,0.0309999999990395,2.9949999999989814,26.93100000000049,RD_LFP_HPPC_REPT_Group0_150_0007_10_100,5,50,Group0_150_0007_10_100,0.00832711417724546
RD_LFP_HPPC_REPT_Group0_150_0007_10_100,1,29,CC_DChg,22424.683,22424.71,22427.698,22455.229,3.329195,3.281468,3.243925,3.216345,-74.99781920000001,-0.0006363785041898,-0.0005005878890942,-0.0003677440263489,-5968.981801392809,-74864.57434355086,0.0269999999982246,2.9880000000011933,27.53099999999904,RD_LFP_HPPC_REPT_Group0_150_0007_10_100,6,60,Group0_150_0007_10_100,0.008125866478870876
RD_LFP_HPPC_REPT_Group0_150_0007_10_100,1,34,CC_DChg,26105.359,26105.386,26109.404,26135.373,3.328487,3.327597,3.239597,3.214204,-74.9976564,-1.1867037487854851e-05,-0.001173369998799,-0.0003385839134034,-3424.324811536385,-76698.85949087108,0.0269999999982246,4.018000000000029,25.96900000000096,RD_LFP_HPPC_REPT_Group0_150_0007_10_100,7,70,Group0_150_0007_10_100,0.018147236631363063
RD_LFP_HPPC_REPT_Group0_150_0007_10_100,1,39,CC_DChg,29785.457,29785.472,29789.474,29815.412,3.328127,3.327294,3.23746,3.211905,-74.9979752,-1.1106966525139462e-05,-0.0011978190045856,-0.000340742532473,-3341.0723862920177,-76121.99102867258,0.0150000000030559,4.0019999999967695,25.93800000000192,RD_LFP_HPPC_REPT_Group0_150_0007_10_100,8,80,Group0_150_0007_10_100,0.018535351922751218
RD_LFP_HPPC_REPT_Group0_150_0007_10_100,1,44,CC_DChg,33469.467,33469.506,33472.491,33498.725,3.327954,3.287809,3.241008,3.21339,-74.9979288,-0.0005352814489991,-0.0006240305665614,-0.0003682501695966,-4783.419530951094,-71239.61416970675,0.0390000000043073,2.985000000000582,26.23399999999674,RD_LFP_HPPC_REPT_Group0_150_0007_10_100,9,90,Group0_150_0007_10_100,0.009301872533600998
RD_LFP_HPPC_REPT_Group0_150_0011_10_100,1,4,CC_DChg,4004.807,4004.83,4010.829,4034.792,3.514661,3.496109,3.359726,3.293683,-74.996849,-0.0002473703928547,-0.0018185164019357,-0.0008806103307086,-3298.8429434095087,-27211.80886069649,0.0230000000001382,5.999000000000251,23.962999999999735,RD_LFP_HPPC_REPT_Group0_150_0011_10_100,1,10,Group0_150_0011_10_100,0.025503545159771386
RD_LFP_HPPC_REPT_Group0_150_0011_10_100,1,9,CC_DChg,7692.068,7692.096,7695.053,7722.008,3.400575,3.357578,3.3219,3.267488,-74.99775600000001,-0.000573310486783,-0.000475720900236,-0.0007255150407433,-6215.829488537001,-37152.916874586605,0.0279999999993378,2.9570000000003347,26.954999999999927,RD_LFP_HPPC_REPT_Group0_150_0011_10_100,2,20,Group0_150_0011_10_100,0.011124177401827685
RD_LFP_HPPC_REPT_Group0_150_0011_10_100,1,14,CC_DChg,11372.466,11372.494,11375.475,11402.451,3.359838,3.319441,3.289372,3.249887,-74.99792479999999,-0.0005386415705198,-0.000400931093496,-0.0005264812340514,-7435.192850736136,-51238.29351411184,0.0280000000002473,2.980999999999767,26.97599999999875,RD_LFP_HPPC_REPT_Group0_150_0011_10_100,3,30,Group0_150_0011_10_100,0.008524196863784248
RD_LFP_HPPC_REPT_Group0_150_0011_10_100,1,19,CC_DChg,15052.769,15052.81,15055.811,15082.744,3.338289,3.323024,3.270281,3.239996,-74.9978602,-0.0002035391404407,-0.0007032600644784,-0.0004038115210119,-4267.269181886039,-66696.95785922602,0.0409999999992578,3.001000000000204,26.933000000000906,RD_LFP_HPPC_REPT_Group0_150_0011_10_100,4,40,Group0_150_0011_10_100,0.010321770404373402
RD_LFP_HPPC_REPT_Group0_150_0011_10_100,1,24,CC_DChg,18733.193,18733.231,18736.231,18763.162,3.330495,3.285479,3.263658,3.23687,-74.9976658,-0.0006002320141542,-0.0002909557219846,-0.0003571844498659,-10310.847229732784,-75398.01917499818,0.0380000000004656,3.0,26.93100000000049,RD_LFP_HPPC_REPT_Group0_150_0011_10_100,5,50,Group0_150_0011_10_100,0.0062016403816930535
RD_LFP_HPPC_REPT_Group0_150_0011_10_100,1,29,CC_DChg,22413.295,22413.336,22416.302,22443.872,3.328493,3.29515,3.263129,3.237444,-74.9979268,-0.0004445856228655,-0.0004269584689373,-0.0003424761336202,-6946.811495232104,-80501.95997181094,0.0410000000010768,2.966000000000349,27.56999999999971,RD_LFP_HPPC_REPT_Group0_150_0011_10_100,6,60,Group0_150_0011_10_100,0.007048044780573565
RD_LFP_HPPC_REPT_Group0_150_0011_10_100,1,34,CC_DChg,26094.04,26094.07,26097.071,26124.01,3.327916,3.287328,3.261882,3.236181,-74.9978452,-0.0005411888820507,-0.0003392897480206,-0.0003426898457077,-8844.947474857132,-78610.44129966562,0.0299999999988358,3.001000000000204,26.938999999998487,RD_LFP_HPPC_REPT_Group0_150_0011_10_100,7,70,Group0_150_0011_10_100,0.006352399580292397
RD_LFP_HPPC_REPT_Group0_150_0011_10_100,1,39,CC_DChg,29774.371,29774.398,29777.395,29804.335,3.327707,3.321443,3.260791,3.23488,-74.9979792,-8.3522250423519e-05,-0.0008087151233536,-0.0003454893088639,-3705.87851451486,-77976.36369294443,0.0270000000018626,2.996999999999389,26.93999999999869,RD_LFP_HPPC_REPT_Group0_150_0011_10_100,8,80,Group0_150_0011_10_100,0.011282781671180476
RD_LFP_HPPC_REPT_Group0_150_0011_10_100,1,44,CC_DChg,33478.188,33478.216,33480.247,33508.201,3.327133,3.282201,3.263128,3.235374,-74.9980108,-0.0005991092233075,-0.0002543134117365,-0.0003700631483948,-7986.208773396943,-75538.45910150088,0.0279999999984283,2.0310000000026776,27.953999999997905,RD_LFP_HPPC_REPT_Group0_150_0011_10_100,9,90,Group0_150_0011_10_100,0.00676003944964191
RD_LFP_HPPC_REPT_Group0_150_0025_10_100,1,4,CC_DChg,4031.022,4031.057,4034.054,4061.023,3.487105,3.434406,3.365639,3.280569,-74.9971808,-0.0007026797465965,-0.000916927800038,-0.0011343093045972,-3268.523432134913,-23775.70199829792,0.0349999999998544,2.9970000000002983,26.96900000000005,RD_LFP_HPPC_REPT_Group0_150_0025_10_100,1,10,Group0_150_0025_10_100,0.020657833146587787
RD_LFP_HPPC_REPT_Group0_150_0025_10_100,1,9,CC_DChg,7714.279,7714.317,7717.32,7744.284,3.393686,3.343986,3.309286,3.256539,-74.99772920000001,-0.0006626867310537,-0.0004626806754037,-0.0007033146278247,-6490.437486673716,-38338.46038919355,0.0379999999995561,3.0029999999997017,26.963999999999945,RD_LFP_HPPC_REPT_Group0_150_0025_10_100,2,20,Group0_150_0025_10_100,0.01080564422687709
RD_LFP_HPPC_REPT_Group0_150_0025_10_100,1,14,CC_DChg,11394.642,11394.684,11397.685,11424.672,3.355424,3.313968,3.279066,3.241259,-74.9979246,-0.0005527619626957,-0.0004653728777982,-0.00050410728299,-6448.592393691305,-53534.23945777973,0.0419999999994615,3.001000000000204,26.98700000000099,RD_LFP_HPPC_REPT_Group0_150_0025_10_100,3,30,Group0_150_0025_10_100,0.008790756487089144
RD_LFP_HPPC_REPT_Group0_150_0025_10_100,1,19,CC_DChg,15074.485,15074.52,15077.521,15104.482,3.336844,3.298883,3.26322,3.233687,-74.99795800000001,-0.0005061604477284,-0.0004755196134806,-0.0003937840547605,-6310.990997897409,-68466.45940601913,0.0349999999998544,3.001000000000204,26.96099999999933,RD_LFP_HPPC_REPT_Group0_150_0025_10_100,4,40,Group0_150_0025_10_100,0.007995139836206462
RD_LFP_HPPC_REPT_Group0_150_0025_10_100,1,24,CC_DChg,18755.205,18755.243,18757.243,18785.49,3.330328,3.27471,3.25938,3.230219,-74.99768939999998,-0.0007415961804284,-0.0002044062973492,-0.0003888253122635,-9784.434363992412,-72647.01939172219,0.0379999999968276,2.0,28.247000000003027,RD_LFP_HPPC_REPT_Group0_150_0025_10_100,5,50,Group0_150_0025_10_100,0.007070974803245681
RD_LFP_HPPC_REPT_Group0_150_0025_10_100,1,29,CC_DChg,22435.461,22435.492,22437.462,22465.455,3.328403,3.272837,3.259029,3.231142,-74.9981056,-0.0007408987141136,-0.000184111317073,-0.0003718360587497,-10700.048380075816,-75283.17746838968,0.0309999999990395,1.970000000001164,27.99300000000221,RD_LFP_HPPC_REPT_Group0_150_0025_10_100,6,60,Group0_150_0025_10_100,0.0067030069177863
RD_LFP_HPPC_REPT_Group0_150_0025_10_100,1,34,CC_DChg,26115.663,26115.691,26118.678,26145.9,3.327807,3.285433,3.255762,3.230163,-74.9979716,-0.0005650019473326,-0.0003956240331171,-0.0003413292313628,-7550.097440911131,-79752.9115549569,0.0279999999984283,2.987000000000989,27.22200000000157,RD_LFP_HPPC_REPT_Group0_150_0025_10_100,7,70,Group0_150_0025_10_100,0.00681416800196703
RD_LFP_HPPC_REPT_Group0_150_0025_10_100,1,39,CC_DChg,29796.698,29796.725,29798.726,29826.688,3.327588,3.27566,3.256946,3.228838,-74.9979988,-0.0006923918081931,-0.0002495266580366,-0.000374783333552,-8019.1832638034575,-74608.44038869944,0.0269999999982246,2.001000000000204,27.96199999999953,RD_LFP_HPPC_REPT_Group0_150_0025_10_100,8,80,Group0_150_0025_10_100,0.00689869284359076
RD_LFP_HPPC_REPT_Group0_150_0025_10_100,1,44,CC_DChg,33491.361,33491.412,33494.413,33521.414,3.32713,3.273481,3.254524,3.228991,-74.99803059999999,-0.0007153387838426,-0.0002527666373148,-0.0003404489397352,-11872.611163733152,-79309.98410803107,0.0509999999994761,3.0010000000038417,27.00099999999657,RD_LFP_HPPC_REPT_Group0_150_0025_10_100,9,90,Group0_150_0025_10_100,0.005806643478582632
RD_LFP_HPPC_REPT_Group0_150_0034_10_100,1,4,CC_DChg,4051.562,4051.584,4060.576,4081.58,3.47978,3.478911,3.312536,3.264876,-74.9972572,-1.1587090414284998e-05,-0.0022184144622291,-0.0006354899069562,-4053.345374860493,-33051.6657622491,0.0219999999999345,8.99200000000019,21.003999999999905,RD_LFP_HPPC_REPT_Group0_150_0034_10_100,1,10,Group0_150_0034_10_100,0.04007274302804486
RD_LFP_HPPC_REPT_Group0_150_0034_10_100,1,9,CC_DChg,7732.963,7732.982,7735.964,7763.254,3.391738,3.37815,3.298819,3.244538,-74.99802559999999,-0.0001811781029072,-0.0010577745129333,-0.0007237657200405,-2819.126348327855,-37705.57135321744,0.0190000000002328,2.981999999999971,27.289999999999964,RD_LFP_HPPC_REPT_Group0_150_0034_10_100,2,20,Group0_150_0034_10_100,0.016181870896067402
RD_LFP_HPPC_REPT_Group0_150_0034_10_100,1,14,CC_DChg,11413.357,11413.384,11416.377,11443.329,3.353106,3.331151,3.267523,3.229146,-74.997771,-0.0002927420336265,-0.0008483985477381,-0.0005117085413111,-3527.8231062272807,-52670.60802021896,0.0270000000000436,2.993000000000393,26.95199999999932,RD_LFP_HPPC_REPT_Group0_150_0034_10_100,3,30,Group0_150_0034_10_100,0.012674969514352296
RD_LFP_HPPC_REPT_Group0_150_0034_10_100,1,19,CC_DChg,15093.674,15093.705,15096.708,15123.676,3.335837,3.285518,3.251647,3.221069,-74.997866,-0.0006709390904535,-0.0004516261836036,-0.0004077182676104,-6649.304466890436,-66143.71280946779,0.0309999999990395,3.003000000000611,26.967999999998938,RD_LFP_HPPC_REPT_Group0_150_0034_10_100,4,40,Group0_150_0034_10_100,0.008135214767719732
RD_LFP_HPPC_REPT_Group0_150_0034_10_100,1,24,CC_DChg,18774.065,18774.096,18777.095,18804.067,3.330852,3.318103,3.247695,3.219306,-74.9978848,-0.0001699914608791,-0.0009387998099914,-0.0003785306755744,-3194.5042681965974,-71254.46295485679,0.0310000000026775,2.9989999999997963,26.971999999997934,RD_LFP_HPPC_REPT_Group0_150_0034_10_100,5,50,Group0_150_0034_10_100,0.013121413725430776
RD_LFP_HPPC_REPT_Group0_150_0034_10_100,1,29,CC_DChg,22454.828,22454.854,22458.833,22484.847,3.329279,3.328359,3.245822,3.220581,-74.99779799999999,-1.2267026826577683e-05,-0.0011005256447662,-0.0003365565479669,-3615.545006990228,-77294.58885037144,0.0259999999980209,3.97899999999936,26.01400000000285,RD_LFP_HPPC_REPT_Group0_150_0034_10_100,6,60,Group0_150_0034_10_100,0.016937298953360568
RD_LFP_HPPC_REPT_Group0_150_0034_10_100,1,34,CC_DChg,26134.948,26134.978,26137.982,26165.296,3.328628,3.283836,3.246074,3.218426,-74.99791619999999,-0.0005972432604734,-0.0005035073227807,-0.0003686502425783,-5966.149575363116,-74091.90838710495,0.0299999999988358,3.004000000000815,27.313999999998487,RD_LFP_HPPC_REPT_Group0_150_0034_10_100,7,70,Group0_150_0034_10_100,0.008207394140697148
RD_LFP_HPPC_REPT_Group0_150_0034_10_100,1,39,CC_DChg,29815.394,29815.413,29818.676,29845.858,3.328261,3.326149,3.244731,3.216941,-74.9976556,-2.8160880271568004e-05,-0.001085607267969,-0.0003705449160733,-3005.691004725308,-73356.82887798682,0.0190000000002328,3.2629999999990105,27.1820000000007,RD_LFP_HPPC_REPT_Group0_150_0034_10_100,8,80,Group0_150_0034_10_100,0.015077490679659872
RD_LFP_HPPC_REPT_Group0_150_0034_10_100,1,44,CC_DChg,33500.697,33500.72,33503.732,33530.683,3.327949,3.295041,3.245435,3.217856,-74.997752,-0.0004387864852269,-0.0006614331586898,-0.0003677310221245,-4553.748115634887,-73289.98202079505,0.0230000000010477,3.0120000000024447,26.950999999993652,RD_LFP_HPPC_REPT_Group0_150_0034_10_100,9,90,Group0_150_0034_10_100,0.009798989998081957
RD_LFP_HPPC_REPT_Group0_150_0040_10_100,1,4,CC_DChg,4014.016,4014.046,4018.046,4044.48,3.498754,3.466705,3.360321,3.282762,-74.9970792,-0.0004273366421981,-0.0014185085757313,-0.0010341602743377,-2819.863107234164,-25560.834868588,0.0299999999997453,4.0,26.4340000000002,RD_LFP_HPPC_REPT_Group0_150_0040_10_100,1,10,Group0_150_0040_10_100,0.021759258068760497
RD_LFP_HPPC_REPT_Group0_150_0040_10_100,1,9,CC_DChg,7698.508,7698.553,7701.562,7728.488,3.398097,3.348592,3.312221,3.25829,-74.99752140000001,-0.0006600884812707,-0.0004849626937137,-0.0007191037649412,-6204.600970350047,-37443.83121426324,0.0450000000000727,3.0090000000000146,26.926000000000386,RD_LFP_HPPC_REPT_Group0_150_0040_10_100,2,20,Group0_150_0040_10_100,0.011055032963882435
RD_LFP_HPPC_REPT_Group0_150_0040_10_100,1,14,CC_DChg,11378.86,11378.892,11381.901,11408.891,3.358241,3.315038,3.28006,3.240725,-74.99780720000001,-0.0005760568423659,-0.0004663869692446,-0.0005244820011217,-6451.723994076358,-51460.29786012371,0.0319999999992433,3.0090000000000146,26.98999999999978,RD_LFP_HPPC_REPT_Group0_150_0040_10_100,3,30,Group0_150_0040_10_100,0.008919405655241885
RD_LFP_HPPC_REPT_Group0_150_0040_10_100,1,19,CC_DChg,15059.218,15059.264,15062.289,15089.29,3.337896,3.290839,3.262098,3.231618,-74.9978442,-0.0006274447019371,-0.000383224348734,-0.0004064116818973,-7893.548544069731,-66437.55876785518,0.0459999999984575,3.025000000001455,27.001000000000204,RD_LFP_HPPC_REPT_Group0_150_0040_10_100,4,40,Group0_150_0040_10_100,0.007311186883856644
RD_LFP_HPPC_REPT_Group0_150_0040_10_100,1,24,CC_DChg,18739.671,18739.691,18742.694,18769.661,3.330763,3.309579,3.256183,3.228915,-74.99759359999999,-0.0002824623962334,-0.0007119695104457,-0.0003635849990792,-4217.87724887345,-74169.72666170061,0.0200000000004365,3.003000000000611,26.967000000000557,RD_LFP_HPPC_REPT_Group0_150_0040_10_100,5,50,Group0_150_0040_10_100,0.010237122320368375
RD_LFP_HPPC_REPT_Group0_150_0040_10_100,1,29,CC_DChg,22420.427,22420.458,22423.461,22450.39,3.328934,3.280361,3.255964,3.229723,-74.997942,-0.0006476577717292,-0.0003253022596273,-0.0003498896009706,-9231.414511048317,-76964.27651834887,0.0309999999990395,3.003000000000611,26.929000000000087,RD_LFP_HPPC_REPT_Group0_150_0040_10_100,6,60,Group0_150_0040_10_100,0.006332308552192886
RD_LFP_HPPC_REPT_Group0_150_0040_10_100,1,34,CC_DChg,26100.578,26100.617,26103.619,26130.545,3.328271,3.280053,3.254366,3.228099,-74.9979566,-0.0006429241833503,-0.0003425026649326,-0.0003502362089689,-8764.895305533166,-76879.54389201434,0.0389999999970314,3.0020000000004075,26.92599999999948,RD_LFP_HPPC_REPT_Group0_150_0040_10_100,7,70,Group0_150_0040_10_100,0.006466576102203714
RD_LFP_HPPC_REPT_Group0_150_0040_10_100,1,39,CC_DChg,29780.642,29780.673,29783.685,29811.252,3.327988,3.293436,3.253427,3.227047,-74.99786739999999,-0.0004607064333671,-0.0005334685023323,-0.0003517433350378,-5646.069049688408,-78372.48713479005,0.0309999999990395,3.0120000000024447,27.566999999999094,RD_LFP_HPPC_REPT_Group0_150_0040_10_100,8,80,Group0_150_0040_10_100,0.008272453079541922
RD_LFP_HPPC_REPT_Group0_150_0040_10_100,1,44,CC_DChg,33474.619,33474.649,33477.651,33504.651,3.327546,3.282497,3.253604,3.227522,-74.9978568,-0.0006006704980934,-0.0003852510089328,-0.0003477699378737,-7792.322227308694,-77637.53291925417,0.0299999999988358,3.0020000000004075,27.0,RD_LFP_HPPC_REPT_Group0_150_0040_10_100,9,90,Group0_150_0040_10_100,0.006766838343794346
RD_LFP_HPPC_REPT_Group0_150_0043_10_100,1,4,CC_DChg,4020.901,4020.95,4026.426,4051.366,3.50341,3.451892,3.361918,3.29045,-74.9971808,-0.0006869324880009,-0.0011996984291974,-0.0009529424871394,-4564.480428354963,-26171.56894207192,0.0489999999999781,5.476000000000113,24.94000000000005,RD_LFP_HPPC_REPT_Group0_150_0043_10_100,1,10,Group0_150_0043_10_100,0.01737728384374654
RD_LFP_HPPC_REPT_Group0_150_0043_10_100,1,9,CC_DChg,7707.282,7707.309,7710.303,7737.242,3.400079,3.350259,3.318061,3.264766,-74.9977302,-0.0006642867706414,-0.0004293196595968,-0.0007106215062492,-6973.824592172759,-37909.06940346771,0.0270000000000436,2.993999999999687,26.939000000000306,RD_LFP_HPPC_REPT_Group0_150_0043_10_100,2,20,Group0_150_0043_10_100,0.01070174549723809
RD_LFP_HPPC_REPT_Group0_150_0043_10_100,1,14,CC_DChg,11387.667,11387.706,11390.695,11417.647,3.361333,3.310067,3.286612,3.247453,-74.99792360000001,-0.0006835655914079,-0.0003127419916996,-0.0005221344554664,-9557.399004065925,-51618.88804278198,0.0390000000006693,2.988999999999578,26.95200000000113,RD_LFP_HPPC_REPT_Group0_150_0043_10_100,3,30,Group0_150_0043_10_100,0.00795177450090089
RD_LFP_HPPC_REPT_Group0_150_0043_10_100,1,19,CC_DChg,15068.028,15068.059,15070.06,15098.047,3.340484,3.288663,3.270984,3.237993,-74.99786099999999,-0.0006909663730276,-0.0002357267229261,-0.0004398925457354,-8488.643014933727,-63622.35566691141,0.0309999999990395,2.001000000000204,27.98700000000099,RD_LFP_HPPC_REPT_Group0_150_0043_10_100,4,40,Group0_150_0043_10_100,0.0076833716993952835
RD_LFP_HPPC_REPT_Group0_150_0043_10_100,1,24,CC_DChg,18748.403,18748.441,18751.444,18778.445,3.332044,3.303085,3.261312,3.23465,-74.99798940000001,-0.0003861303513824,-0.0005569882650747,-0.0003555028636541,-5391.4959942605965,-75951.56821653982,0.0380000000004656,3.003000000000611,27.001000000000204,RD_LFP_HPPC_REPT_Group0_150_0043_10_100,5,50,Group0_150_0043_10_100,0.00843723534987239
RD_LFP_HPPC_REPT_Group0_150_0043_10_100,1,29,CC_DChg,22429.21,22429.24,22431.242,22459.183,3.329747,3.28213,3.262723,3.235077,-74.9980092,-0.0006349101863893,-0.0002587668687077,-0.0003686231180653,-7736.69368878015,-75798.28456403829,0.0300000000024738,2.001999999996769,27.94100000000253,RD_LFP_HPPC_REPT_Group0_150_0043_10_100,6,60,Group0_150_0043_10_100,0.006741326837260851
RD_LFP_HPPC_REPT_Group0_150_0043_10_100,1,34,CC_DChg,26109.317,26109.349,26112.351,26139.665,3.329004,3.288102,3.259029,3.23362,-74.997956,-0.0005453748632829,-0.00038765056477,-0.0003387958999842,-7744.087776013184,-80620.81035004038,0.0319999999992433,3.0020000000004075,27.314000000002125,RD_LFP_HPPC_REPT_Group0_150_0043_10_100,7,70,Group0_150_0043_10_100,0.006735416283865644
RD_LFP_HPPC_REPT_Group0_150_0043_10_100,1,39,CC_DChg,29789.515,29789.556,29791.86,29820.076,3.328719,3.275671,3.260526,3.232816,-74.9978992,-0.0007073264793529,-0.000201938989779,-0.0003694770159642,-11409.386580178738,-76367.40251992905,0.0410000000010768,2.3040000000000878,28.21600000000035,RD_LFP_HPPC_REPT_Group0_150_0043_10_100,8,80,Group0_150_0043_10_100,0.0064755548903366305
RD_LFP_HPPC_REPT_Group0_150_0043_10_100,1,44,CC_DChg,33490.932,33490.967,33493.987,33520.959,3.328219,3.299988,3.258198,3.233016,-74.9978616,-0.0003764240659362,-0.0005572158873393,-0.000335769573462,-5419.802393690041,-80328.89854162953,0.0349999999962165,3.0200000000040745,26.97200000000157,RD_LFP_HPPC_REPT_Group0_150_0043_10_100,9,90,Group0_150_0043_10_100,0.008309054066540908
RD_LFP_HPPC_REPT_Group0_150_0046_10_100,1,4,CC_DChg,4029.309,4029.374,4035.372,4059.365,3.502681,3.460964,3.364433,3.300197,-74.997298,-0.0005562467063813,-0.0012871263708727,-0.0008565108572311,-4659.993094487812,-28012.487871504924,0.0649999999995998,5.998000000000047,23.992999999999935,RD_LFP_HPPC_REPT_Group0_150_0046_10_100,1,10,Group0_150_0046_10_100,0.016818368242555785
RD_LFP_HPPC_REPT_Group0_150_0046_10_100,1,9,CC_DChg,7717.437,7717.468,7720.8,7747.749,3.396648,3.355444,3.324341,3.272637,-74.997571,-0.0005494044600457,-0.0004147200980682,-0.0006894089943259,-8034.334519886378,-39090.00349835549,0.030999999999949,3.3320000000003347,26.94899999999961,RD_LFP_HPPC_REPT_Group0_150_0046_10_100,2,20,Group0_150_0046_10_100,0.010168079272223166
RD_LFP_HPPC_REPT_Group0_150_0046_10_100,1,14,CC_DChg,11397.894,11397.933,11400.923,11428.448,3.35933,3.316488,3.294467,3.256577,-74.9977074,-0.0005712441284571,-0.00029362230878,-0.0005052154434256,-10183.149953498158,-54481.70747387104,0.0390000000006693,2.9899999999997817,27.52499999999964,RD_LFP_HPPC_REPT_Group0_150_0046_10_100,3,30,Group0_150_0046_10_100,0.00762966427248401
RD_LFP_HPPC_REPT_Group0_150_0046_10_100,1,19,CC_DChg,15078.311,15078.359,15081.361,15108.326,3.339421,3.302673,3.276846,3.247301,-74.9978716,-0.0004899872385178,-0.0003443697727549,-0.0003939445129533,-8717.373699741749,-68448.72593311539,0.0480000000006839,3.0020000000004075,26.964999999998327,RD_LFP_HPPC_REPT_Group0_150_0046_10_100,4,40,Group0_150_0046_10_100,0.00683624626637741
RD_LFP_HPPC_REPT_Group0_150_0046_10_100,1,24,CC_DChg,18758.738,18758.778,18761.78,18788.763,3.331608,3.290809,3.270122,3.244024,-74.9979598,-0.0005440014649571,-0.0002758341700916,-0.0003479827993934,-10883.350670451688,-77541.1889525404,0.0399999999972351,3.0020000000004075,26.98300000000017,RD_LFP_HPPC_REPT_Group0_150_0046_10_100,5,50,Group0_150_0046_10_100,0.005943157588827648
RD_LFP_HPPC_REPT_Group0_150_0046_10_100,1,29,CC_DChg,22439.497,22439.527,22441.53,22469.499,3.329609,3.284901,3.271895,3.244802,-74.99786559999998,-0.0005961236315503,-0.000173418268586,-0.0003612502807013,-11550.109549196331,-77422.77721058766,0.0299999999988358,2.003000000000611,27.96900000000096,RD_LFP_HPPC_REPT_Group0_150_0046_10_100,6,60,Group0_150_0046_10_100,0.00638067000543793
RD_LFP_HPPC_REPT_Group0_150_0046_10_100,1,34,CC_DChg,26120.038,26120.079,26123.08,26150.009,3.32889,3.289261,3.268322,3.243386,-74.9980912,-0.0005284001148018,-0.0002791937723343,-0.000332488462053,-10748.807091609557,-80992.28416444283,0.0410000000010768,3.001000000000204,26.92899999999645,RD_LFP_HPPC_REPT_Group0_150_0046_10_100,7,70,Group0_150_0046_10_100,0.00579355763526211
RD_LFP_HPPC_REPT_Group0_150_0046_10_100,1,39,CC_DChg,29801.329,29801.361,29803.589,29831.596,3.328489,3.284076,3.269639,3.242471,-74.9980188,-0.0005921889765973,-0.0001924984183715,-0.0003622495691846,-11574.121069913164,-77314.10160967684,0.0319999999992433,2.227999999999156,28.007000000001423,RD_LFP_HPPC_REPT_Group0_150_0046_10_100,8,80,Group0_150_0046_10_100,0.006379237964465507
RD_LFP_HPPC_REPT_Group0_150_0046_10_100,1,44,CC_DChg,33524.874,33524.901,33527.903,33554.869,3.327796,3.289705,3.267191,3.242711,-74.9979554,-0.0005078938458634,-0.0003001948503785,-0.0003264088983417,-10000.171542632545,-82614.16933482114,0.0269999999945866,3.0020000000004075,26.96600000000035,RD_LFP_HPPC_REPT_Group0_150_0046_10_100,9,90,Group0_150_0046_10_100,0.00584303320707496
RD_LFP_HPPC_REPT_Group0_150_0049_10_100,1,4,CC_DChg,4022.238,4022.253,4031.237,4052.205,3.487146,3.486768,3.324852,3.276645,-74.9974776,-5.040169510980853e-06,-0.0021589526098941,-0.0006427816180313,-4161.277074275511,-32620.72127111799,0.0150000000003274,8.983999999999924,20.967999999999847,RD_LFP_HPPC_REPT_Group0_150_0049_10_100,1,10,Group0_150_0049_10_100,0.03869016578240856
RD_LFP_HPPC_REPT_Group0_150_0049_10_100,1,9,CC_DChg,7704.929,7704.956,7707.955,7734.959,3.394624,3.372905,3.304052,3.251071,-74.9978756,-0.0002895948695378,-0.0009180660045255,-0.0007064333432932,-3266.6496583211374,-38225.82874431201,0.0270000000000436,2.9989999999997963,27.003999999999905,RD_LFP_HPPC_REPT_Group0_150_0049_10_100,2,20,Group0_150_0049_10_100,0.014253068214962127
RD_LFP_HPPC_REPT_Group0_150_0049_10_100,1,14,CC_DChg,11385.636,11385.662,11388.658,11415.624,3.356,3.310998,3.271692,3.233685,-74.99770419999999,-0.0006000450344451,-0.0005240960429292,-0.0005067755127362,-5716.5094841280525,-53210.93723412085,0.0259999999998399,2.995999999999185,26.96600000000035,RD_LFP_HPPC_REPT_Group0_150_0049_10_100,3,30,Group0_150_0049_10_100,0.009279716788839586
RD_LFP_HPPC_REPT_Group0_150_0049_10_100,1,19,CC_DChg,15065.387,15065.417,15068.417,15095.368,3.337712,3.290513,3.254023,3.223897,-74.9979216,-0.0006293374401991,-0.0004865468165187,-0.0004016911316646,-6165.9020224719625,-67093.83871213115,0.0299999999988358,3.0,26.95100000000093,RD_LFP_HPPC_REPT_Group0_150_0049_10_100,4,40,Group0_150_0049_10_100,0.008176477747940942
RD_LFP_HPPC_REPT_Group0_150_0049_10_100,1,24,CC_DChg,18745.825,18745.852,18748.855,18775.794,3.331726,3.287704,3.248661,3.221125,-74.997915,-0.0005869763179416,-0.0005205878056743,-0.0003671568736277,-5768.479336758027,-73371.9070375203,0.0269999999982246,3.003000000000611,26.939000000002125,RD_LFP_HPPC_REPT_Group0_150_0049_10_100,5,50,Group0_150_0049_10_100,0.008243999947750385
RD_LFP_HPPC_REPT_Group0_150_0049_10_100,1,29,CC_DChg,22426.559,22426.598,22429.599,22456.818,3.329855,3.284526,3.248402,3.221801,-74.998099,-0.0006044019862423,-0.0004816655419492,-0.0003546889901836,-6230.464375449622,-76740.47053423109,0.0390000000006693,3.0009999999965657,27.21900000000096,RD_LFP_HPPC_REPT_Group0_150_0049_10_100,6,60,Group0_150_0049_10_100,0.007811211280459753
RD_LFP_HPPC_REPT_Group0_150_0049_10_100,1,34,CC_DChg,26107.031,26107.062,26110.062,26137.031,3.329201,3.286344,3.246705,3.220065,-74.9979644,-0.0005714421763692,-0.0005285343451268,-0.0003552096408632,-5676.073896919671,-75924.17799937686,0.0310000000026775,3.0,26.96899999999732,RD_LFP_HPPC_REPT_Group0_150_0049_10_100,7,70,Group0_150_0049_10_100,0.00822004763886419
RD_LFP_HPPC_REPT_Group0_150_0049_10_100,1,39,CC_DChg,29787.623,29787.653,29790.654,29817.597,3.328903,3.320755,3.24505,3.218236,-74.99782859999999,-0.0001086431454363,-0.0010094292249949,-0.0003575303512187,-2972.9672231505824,-75358.63712873976,0.0299999999988358,3.001000000000204,26.94300000000294,RD_LFP_HPPC_REPT_Group0_150_0049_10_100,8,80,Group0_150_0049_10_100,0.013844542042002805
RD_LFP_HPPC_REPT_Group0_150_0049_10_100,1,44,CC_DChg,33473.412,33473.44,33476.696,33503.698,3.328563,3.298804,3.245642,3.219038,-74.997805,-0.0003967982796296,-0.0007088474122675,-0.0003547303817758,-4593.372203455326,-76119.78388999634,0.0280000000057043,3.2560000000012224,27.00199999999313,RD_LFP_HPPC_REPT_Group0_150_0049_10_100,9,90,Group0_150_0049_10_100,0.009904071286210977
RD_LFP_HPPC_REPT_Group0_150_0056_10_100,1,4,CC_DChg,4049.778,4049.808,4053.807,4080.091,3.490783,3.447589,3.367548,3.292226,-74.9971644,-0.0005759417752066,-0.0010672536840606,-0.0010043313050913,-3747.000417730741,-26170.64694364992,0.0300000000002,3.998999999999796,26.284000000000106,RD_LFP_HPPC_REPT_Group0_150_0056_10_100,1,10,Group0_150_0056_10_100,0.017827112352207856
RD_LFP_HPPC_REPT_Group0_150_0056_10_100,1,9,CC_DChg,7734.81,7734.837,7738.84,7765.543,3.393571,3.35168,3.319242,3.26693,-74.9977944,-0.0005585630928901,-0.0004325193861967,-0.0006975138458205,-9255.076483851592,-38283.111023534926,0.0270000000000436,4.002999999999702,26.70299999999952,RD_LFP_HPPC_REPT_Group0_150_0056_10_100,2,20,Group0_150_0056_10_100,0.010195201640857137
RD_LFP_HPPC_REPT_Group0_150_0056_10_100,1,14,CC_DChg,11415.98,11416.017,11419.005,11445.971,3.355746,3.31375,3.289292,3.251516,-74.9978506,-0.0005599627144514,-0.0003261160127167,-0.0005036944352109,-9162.383579718386,-53536.426283344575,0.0370000000002619,2.9879999999993743,26.96600000000035,RD_LFP_HPPC_REPT_Group0_150_0056_10_100,3,30,Group0_150_0056_10_100,0.00798877361720175
RD_LFP_HPPC_REPT_Group0_150_0056_10_100,1,19,CC_DChg,15095.748,15095.775,15097.777,15125.771,3.337109,3.292231,3.275627,3.243482,-74.9978322,-0.000598390629216,-0.0002213930658118,-0.0004286123886124,-9042.740307421704,-65313.09113724851,0.0270000000000436,2.0020000000004075,27.9940000000006,RD_LFP_HPPC_REPT_Group0_150_0056_10_100,4,40,Group0_150_0056_10_100,0.007685305298236731
RD_LFP_HPPC_REPT_Group0_150_0056_10_100,1,24,CC_DChg,18776.218,18776.246,18779.247,18806.482,3.33063,3.305672,3.267542,3.240859,-74.997908,-0.0003327826157497,-0.0005084141813662,-0.0003557832573143,-5902.667765749189,-76549.41439793223,0.0279999999984283,3.001000000000204,27.235000000000586,RD_LFP_HPPC_REPT_Group0_150_0056_10_100,5,50,Group0_150_0056_10_100,0.008069283813664552
RD_LFP_HPPC_REPT_Group0_150_0056_10_100,1,29,CC_DChg,22457.199,22457.25,22460.251,22486.732,3.32877,3.294727,3.266904,3.241262,-74.9979148,-0.0004539192868332,-0.000370983647668,-0.000341902839144,-8089.3053342491485,-77451.82832145647,0.0509999999994761,3.001000000000204,26.480999999999767,RD_LFP_HPPC_REPT_Group0_150_0056_10_100,6,60,Group0_150_0056_10_100,0.006752585927897217
RD_LFP_HPPC_REPT_Group0_150_0056_10_100,1,34,CC_DChg,26137.7,26137.73,26139.733,26166.975,3.328068,3.28483,3.267826,3.239881,-74.9979372,-0.0005765225233421,-0.0002267262358783,-0.0003726102482722,-8834.442967045734,-73111.24727866473,0.0299999999988358,2.003000000000611,27.24199999999837,RD_LFP_HPPC_REPT_Group0_150_0056_10_100,7,70,Group0_150_0056_10_100,0.00687051058193473
RD_LFP_HPPC_REPT_Group0_150_0056_10_100,1,39,CC_DChg,29818.56,29818.587,29821.615,29848.589,3.327787,3.307612,3.264634,3.238861,-74.998,-0.0002690071735246,-0.0005730552814741,-0.0003436491639777,-5283.957931968775,-78492.8433632046,0.0269999999982246,3.0280000000020664,26.97399999999834,RD_LFP_HPPC_REPT_Group0_150_0056_10_100,8,80,Group0_150_0056_10_100,0.008590284066083132
RD_LFP_HPPC_REPT_Group0_150_0056_10_100,1,44,CC_DChg,33529.776,33529.804,33532.806,33559.739,3.327096,3.28907,3.264445,3.239175,-74.99790820000001,-0.0005070274746676,-0.0003283424910243,-0.0003369427308907,-9142.892199651877,-79933.46503961015,0.0279999999984283,3.0020000000004075,26.93300000000454,RD_LFP_HPPC_REPT_Group0_150_0056_10_100,9,90,Group0_150_0056_10_100,0.0062507864400464285
RD_LFP_HPPC_REPT_Group0_150_0087_10_100,1,4,CC_DChg,4017.575,4017.596,4023.573,4047.532,3.509973,3.497336,3.365182,3.298749,-74.9970736,-0.000168499907975,-0.0017621220889877,-0.0008858078963763,-3391.9329638693494,-27047.625222139934,0.0210000000001855,5.976999999999862,23.959000000000287,RD_LFP_HPPC_REPT_Group0_150_0087_10_100,1,10,Group0_150_0087_10_100,0.025018668202671988
RD_LFP_HPPC_REPT_Group0_150_0087_10_100,1,9,CC_DChg,7705.901,7705.923,7708.574,7736.27,3.39987,3.363279,3.323283,3.270591,-74.99801540000001,-0.0004878929102969,-0.0005332941116732,-0.0007025785911662,-4970.99056969168,-39420.50092079374,0.0219999999999345,2.65099999999984,27.696000000000826,RD_LFP_HPPC_REPT_Group0_150_0087_10_100,2,20,Group0_150_0087_10_100,0.011161583125728985
RD_LFP_HPPC_REPT_Group0_150_0087_10_100,1,14,CC_DChg,11386.625,11386.658,11389.708,11416.628,3.361685,3.331101,3.291296,3.252387,-74.9979708,-0.0004077977000412,-0.0005307476932429,-0.0005188007033384,-5746.609997238604,-51888.90421074849,0.032999999999447,3.0500000000010914,26.920000000000076,RD_LFP_HPPC_REPT_Group0_150_0087_10_100,3,30,Group0_150_0087_10_100,0.009242701084546504
RD_LFP_HPPC_REPT_Group0_150_0087_10_100,1,19,CC_DChg,15066.456,15066.493,15069.494,15096.436,3.341095,3.329864,3.272602,3.242155,-74.997869,-0.0001497509215895,-0.0007635150273403,-0.0004059715350045,-3930.5054812792896,-66364.25876434213,0.0370000000002619,3.001000000000204,26.941999999999094,RD_LFP_HPPC_REPT_Group0_150_0087_10_100,4,40,Group0_150_0087_10_100,0.010960996485425227
RD_LFP_HPPC_REPT_Group0_150_0087_10_100,1,24,CC_DChg,18746.882,18746.913,18749.915,18776.878,3.332649,3.296215,3.265609,3.238937,-74.9980374,-0.0004857993790648,-0.0004080906789168,-0.0003556359729488,-7356.2082034512705,-75816.28983264015,0.0309999999990395,3.0020000000004075,26.962999999999735,RD_LFP_HPPC_REPT_Group0_150_0087_10_100,5,50,Group0_150_0087_10_100,0.0069893224758249715
RD_LFP_HPPC_REPT_Group0_150_0087_10_100,1,29,CC_DChg,22427.83,22427.861,22430.861,22457.351,3.330397,3.304097,3.265094,3.239668,-74.9980212,-0.0003506759189001,-0.0005200537210973,-0.0003390222780971,-5768.634812706697,-78136.45801887245,0.0309999999990395,3.0,26.489999999997963,RD_LFP_HPPC_REPT_Group0_150_0087_10_100,6,60,Group0_150_0087_10_100,0.007951169334402156
RD_LFP_HPPC_REPT_Group0_150_0087_10_100,1,34,CC_DChg,26108.302,26108.333,26111.335,26137.564,3.329656,3.287902,3.263371,3.237918,-74.9979826,-0.0005567349754285,-0.0003270887982525,-0.000339382462269,-9177.93582671843,-77284.4884931196,0.0309999999990395,3.0020000000004075,26.22899999999936,RD_LFP_HPPC_REPT_Group0_150_0087_10_100,7,70,Group0_150_0087_10_100,0.006089465485290944
RD_LFP_HPPC_REPT_Group0_150_0087_10_100,1,39,CC_DChg,29789.035,29789.058,29792.035,29818.953,3.32928,3.293087,3.262107,3.236472,-74.9977754,-0.0004825876475264,-0.0004130789191381,-0.0003418101385444,-7206.855305542975,-78751.32117095076,0.0230000000010477,2.9769999999989523,26.918000000001484,RD_LFP_HPPC_REPT_Group0_150_0087_10_100,8,80,Group0_150_0087_10_100,0.00692725418638544
RD_LFP_HPPC_REPT_Group0_150_0087_10_100,1,44,CC_DChg,33496.491,33496.525,33499.548,33526.516,3.328699,3.286009,3.262536,3.237398,-74.9980094,-0.0005692151077279,-0.0003129816402833,-0.0003351822295166,-9658.713518352057,-80457.72605216342,0.0339999999996507,3.023000000001048,26.96800000000076,RD_LFP_HPPC_REPT_Group0_150_0087_10_100,9,90,Group0_150_0087_10_100,0.006023464747764977
RD_LFP_HPPC_REPT_Group0_150_0091_10_100,1,4,CC_DChg,4071.64,4071.67,4074.671,4101.632,3.464833,3.41538,3.341393,3.262885,-74.99724539999998,-0.0006593975516866,-0.0009865295665912,-0.0010468117806364,-3041.9767451766083,-25755.346375265923,0.0300000000002,3.000999999999749,26.960999999999785,RD_LFP_HPPC_REPT_Group0_150_0091_10_100,1,10,Group0_150_0091_10_100,0.019282497349396428
RD_LFP_HPPC_REPT_Group0_150_0091_10_100,1,9,CC_DChg,7752.599,7752.629,7755.627,7782.593,3.38624,3.340771,3.292839,3.241292,-74.99763340000001,-0.0006062724640588,-0.0006391135003468,-0.0006873150213297,-4690.872588943425,-39233.82897674679,0.0299999999997453,2.998000000000502,26.96599999999944,RD_LFP_HPPC_REPT_Group0_150_0091_10_100,2,20,Group0_150_0091_10_100,0.011875627402442662
RD_LFP_HPPC_REPT_Group0_150_0091_10_100,1,14,CC_DChg,11432.929,11432.961,11435.962,11462.924,3.351347,3.315067,3.262892,3.225472,-74.997803,-0.0004837475039102,-0.0006956870456591,-0.0004989479491819,-4313.721261198179,-54037.70081470072,0.0319999999992433,3.001000000000204,26.962000000001357,RD_LFP_HPPC_REPT_Group0_150_0091_10_100,3,30,Group0_150_0091_10_100,0.01090360364623905
RD_LFP_HPPC_REPT_Group0_150_0091_10_100,1,19,CC_DChg,15112.793,15112.824,15115.783,15142.765,3.335867,3.285834,3.247985,3.217382,-74.99776059999999,-0.000667126586177,-0.0005046684020589,-0.0004080521838941,-5863.25592790613,-66123.89558243364,0.0310000000008585,2.958999999998923,26.98199999999997,RD_LFP_HPPC_REPT_Group0_150_0091_10_100,4,40,Group0_150_0091_10_100,0.00851043985906533
RD_LFP_HPPC_REPT_Group0_150_0091_10_100,1,24,CC_DChg,18793.475,18793.51,18796.55,18823.775,3.330851,3.27944,3.243714,3.215311,-74.99775500000001,-0.0006855005193155,-0.000476360925737,-0.0003787180029588,-6381.715702851313,-71887.26120040614,0.0349999999998544,3.040000000000873,27.225000000002183,RD_LFP_HPPC_REPT_Group0_150_0091_10_100,5,50,Group0_150_0091_10_100,0.008010146202595766
RD_LFP_HPPC_REPT_Group0_150_0091_10_100,1,29,CC_DChg,22473.737,22473.772,22476.772,22503.708,3.329044,3.280651,3.244678,3.217362,-74.997862,-0.0006452583941659,-0.0004796536733273,-0.0003642237161374,-6254.512717871693,-73954.54718230518,0.0349999999998544,3.0,26.935999999997875,RD_LFP_HPPC_REPT_Group0_150_0091_10_100,6,60,Group0_150_0091_10_100,0.007886347323767298
RD_LFP_HPPC_REPT_Group0_150_0091_10_100,1,34,CC_DChg,26154.217,26154.248,26157.251,26184.223,3.328118,3.293659,3.242213,3.214879,-74.9978934,-0.000459466238821,-0.0006859659340778,-0.0003644635703861,-4377.7684150419145,-74004.6528420613,0.0309999999990395,3.003000000000611,26.97200000000157,RD_LFP_HPPC_REPT_Group0_150_0091_10_100,7,70,Group0_150_0091_10_100,0.01003260994406154
RD_LFP_HPPC_REPT_Group0_150_0091_10_100,1,39,CC_DChg,29834.987,29835.019,29838.021,29864.965,3.327662,3.301795,3.240594,3.213199,-74.9978232,-0.0003449033438079,-0.0008160370179917,-0.0003652772684741,-3678.754681237757,-73763.14467241256,0.0319999999992433,3.0020000000004075,26.943999999999505,RD_LFP_HPPC_REPT_Group0_150_0091_10_100,8,80,Group0_150_0091_10_100,0.011537836476943146
RD_LFP_HPPC_REPT_Group0_150_0091_10_100,1,44,CC_DChg,33518.331,33518.363,33521.32,33548.324,3.32746,3.278119,3.241469,3.214273,-74.9978516,-0.0006578988457317,-0.0004886806650872,-0.0003626237208106,-6050.986280528306,-74468.37713658116,0.0319999999992433,2.9570000000021537,27.00400000000081,RD_LFP_HPPC_REPT_Group0_150_0091_10_100,9,90,Group0_150_0091_10_100,0.008006409121982642
RD_LFP_HPPC_REPT_Group1_150_0065_10_100,1,4,CC_DChg,4041.379,4041.406,4048.405,4071.434,3.495846,3.484524,3.344972,3.286827,-74.9972568,-0.0001509655217149,-0.001860761392542,-0.0007752950238574,-3761.3635085360174,-29703.531289830764,0.0270000000000436,6.999000000000251,23.029,RD_LFP_HPPC_REPT_Group1_150_0065_10_100,1,10,Group1_150_0065_10_100,0.02802053291944039
RD_LFP_HPPC_REPT_Group1_150_0065_10_100,1,9,CC_DChg,7728.205,7728.232,7734.186,7758.5,3.392489,3.388802,3.301397,3.25967,-74.997789,-4.916144927952175e-05,-0.0011654343570048,-0.0005563764019763,-5108.824846473079,-43700.63128779951,0.0270000000000436,5.953999999999724,24.314000000000306,RD_LFP_HPPC_REPT_Group1_150_0065_10_100,2,20,Group1_150_0065_10_100,0.01887995970524628
RD_LFP_HPPC_REPT_Group1_150_0065_10_100,1,14,CC_DChg,11408.835,11408.862,11411.93,11438.853,3.354525,3.326932,3.281127,3.242827,-74.9978706,-0.0003679171125693,-0.0006107506737664,-0.0005106811659263,-5023.326427265272,-52719.78251080195,0.0270000000000436,3.0680000000011205,26.922999999998865,RD_LFP_HPPC_REPT_Group1_150_0065_10_100,3,30,Group1_150_0065_10_100,0.009955224431978963
RD_LFP_HPPC_REPT_Group1_150_0065_10_100,1,19,CC_DChg,15088.706,15088.733,15091.736,15118.698,3.334408,3.303699,3.26331,3.233454,-74.998051,-0.0004094639739371,-0.0005385339947034,-0.0003980903450411,-5576.249650970488,-67728.34442195733,0.0270000000000436,3.003000000000611,26.96199999999953,RD_LFP_HPPC_REPT_Group1_150_0065_10_100,4,40,Group1_150_0065_10_100,0.008546557800810624
RD_LFP_HPPC_REPT_Group1_150_0065_10_100,1,24,CC_DChg,18769.575,18769.602,18772.606,18799.55,3.326618,3.293657,3.256848,3.230518,-74.9978356,-0.0004394926831728,-0.0004908008305242,-0.0003510767982749,-6120.609039703929,-76746.74069146786,0.0269999999982246,3.004000000000815,26.943999999999505,RD_LFP_HPPC_REPT_Group1_150_0065_10_100,5,50,Group1_150_0065_10_100,0.0077530065930975015
RD_LFP_HPPC_REPT_Group1_150_0065_10_100,1,29,CC_DChg,22449.15,22449.17,22452.187,22479.439,3.324584,3.318636,3.256024,3.230769,-74.99807840000001,-7.930869866127214e-05,-0.000834848056587,-0.0003367419611113,-3613.831254920133,-80928.43526258388,0.0199999999967985,3.017000000003464,27.25199999999677,RD_LFP_HPPC_REPT_Group1_150_0065_10_100,6,60,Group1_150_0065_10_100,0.01150647470938116
RD_LFP_HPPC_REPT_Group1_150_0065_10_100,1,34,CC_DChg,26130.077,26130.123,26133.114,26160.04,3.323904,3.312404,3.25463,3.229347,-74.9980416,-0.0001533373372778,-0.000770340115121,-0.0003371154694258,-3882.7005647131273,-79871.74259864593,0.0459999999984575,2.9910000000018044,26.92599999999948,RD_LFP_HPPC_REPT_Group1_150_0065_10_100,7,70,Group1_150_0065_10_100,0.010785909082919022
RD_LFP_HPPC_REPT_Group1_150_0065_10_100,1,39,CC_DChg,29810.684,29810.712,29813.706,29840.686,3.323599,3.285766,3.25355,3.228072,-74.9977828,-0.0005044549130324,-0.000429559365587,-0.0003397167095985,-6969.9330054354405,-79419.11374300302,0.0279999999984283,2.9939999999987776,26.9800000000032,RD_LFP_HPPC_REPT_Group1_150_0065_10_100,8,80,Group1_150_0065_10_100,0.007083247418616449
RD_LFP_HPPC_REPT_Group1_150_0065_10_100,1,44,CC_DChg,33514.282,33514.318,33516.304,33544.278,3.323082,3.272878,3.256004,3.228731,-74.9980234,-0.000669404308594,-0.0002249925962715,-0.0003636495838635,-8826.95712173673,-76925.70331799731,0.0360000000000582,1.985999999997148,27.97400000000198,RD_LFP_HPPC_REPT_Group1_150_0065_10_100,9,90,Group1_150_0065_10_100,0.006589817563349603
RD_LFP_HPPC_REPT_Group1_150_0074_10_100,1,4,CC_DChg,4022.025,4022.051,4026.047,4052.046,3.497801,3.462221,3.366047,3.286541,-74.9972708,-0.0004744172637279,-0.001282366664468,-0.0010601185770082,-3116.113441437469,-24524.6150419992,0.0259999999998399,3.996000000000095,25.9989999999998,RD_LFP_HPPC_REPT_Group1_150_0074_10_100,1,10,Group1_150_0074_10_100,0.020478115500491088
RD_LFP_HPPC_REPT_Group1_150_0074_10_100,1,9,CC_DChg,7708.647,7708.674,7711.669,7738.953,3.391247,3.345072,3.311837,3.259319,-74.99773739999999,-0.000615685240659,-0.000443146702183,-0.0007002611254776,-6758.484233879719,-38962.60838610837,0.0270000000000436,2.994999999999891,27.28400000000056,RD_LFP_HPPC_REPT_Group1_150_0074_10_100,2,20,Group1_150_0074_10_100,0.010750192109664257
RD_LFP_HPPC_REPT_Group1_150_0074_10_100,1,14,CC_DChg,11389.338,11389.377,11392.362,11419.351,3.352544,3.307137,3.280126,3.242059,-74.997946,-0.000605443247739,-0.0003601565301535,-0.0005075739007572,-8288.062967306212,-53172.55272530247,0.0390000000006693,2.984999999998763,26.9890000000014,RD_LFP_HPPC_REPT_Group1_150_0074_10_100,3,30,Group1_150_0074_10_100,0.00805442821069709
RD_LFP_HPPC_REPT_Group1_150_0074_10_100,1,19,CC_DChg,15069.809,15069.836,15072.836,15099.159,3.332672,3.314349,3.262279,3.232751,-74.9978982,-0.0002443135133085,-0.0006942861233409,-0.0003937177002114,-4320.985108507773,-66857.54789754213,0.0270000000000436,3.0,26.32300000000032,RD_LFP_HPPC_REPT_Group1_150_0074_10_100,4,40,Group1_150_0074_10_100,0.010193262109616909
RD_LFP_HPPC_REPT_Group1_150_0074_10_100,1,24,CC_DChg,18750.052,18750.083,18753.085,18780.034,3.325744,3.27924,3.256494,3.230085,-74.9978112,-0.0006200714294979,-0.0003032888511818,-0.0003521302765699,-9898.154806226546,-76531.33454613312,0.0309999999990395,3.0020000000004075,26.949000000000524,RD_LFP_HPPC_REPT_Group1_150_0074_10_100,5,50,Group1_150_0074_10_100,0.00619012955155522
RD_LFP_HPPC_REPT_Group1_150_0074_10_100,1,29,CC_DChg,22429.671,22429.696,22432.697,22459.959,3.324024,3.289821,3.256182,3.230699,-74.9979308,-0.0004560525821867,-0.0004485323747091,-0.0003397827077117,-6690.709900140178,-80233.62985007718,0.0250000000014551,3.001000000000204,27.261999999998807,RD_LFP_HPPC_REPT_Group1_150_0074_10_100,6,60,Group1_150_0074_10_100,0.007254383617961991
RD_LFP_HPPC_REPT_Group1_150_0074_10_100,1,34,CC_DChg,26110.253,26110.281,26113.283,26140.567,3.323549,3.277372,3.254792,3.229204,-74.9976968,-0.0006157122414457,-0.0003010759125072,-0.0003411838108607,-9970.90725392516,-79968.62433528132,0.0279999999984283,3.0020000000004075,27.28399999999965,RD_LFP_HPPC_REPT_Group1_150_0074_10_100,7,70,Group1_150_0074_10_100,0.005966340630663758
RD_LFP_HPPC_REPT_Group1_150_0074_10_100,1,39,CC_DChg,29791.122,29791.149,29794.198,29821.173,3.323323,3.28424,3.253721,3.227913,-74.99789700000001,-0.0005211212789073,-0.0004069314103567,-0.0003441163156881,-7492.663191878189,-78389.19217199656,0.0270000000018626,3.0489999999990687,26.974999999998545,RD_LFP_HPPC_REPT_Group1_150_0074_10_100,8,80,Group1_150_0074_10_100,0.0068546083349766765
RD_LFP_HPPC_REPT_Group1_150_0074_10_100,1,44,CC_DChg,33494.067,33494.105,33497.127,33524.101,3.322781,3.287967,3.25395,3.228555,-74.9979678,-0.0004641992446093,-0.0004535722899947,-0.0003386091749542,-6662.664511608628,-79661.16099379184,0.0380000000004656,3.021999999997206,26.97400000000198,RD_LFP_HPPC_REPT_Group1_150_0074_10_100,9,90,Group1_150_0074_10_100,0.007235501558877769
RD_LFP_HPPC_REPT_Group1_150_0078_10_100,1,4,CC_DChg,4034.28,4034.307,4037.308,4064.267,3.494666,3.451746,3.37107,3.281191,-74.99721359999998,-0.0005722879283077,-0.0010757199651481,-0.0011984311907822,-2789.759507333225,-22495.24228621136,0.0269999999995889,3.001000000000204,26.958999999999836,RD_LFP_HPPC_REPT_Group1_150_0078_10_100,1,10,Group1_150_0078_10_100,0.023031655608659156
RD_LFP_HPPC_REPT_Group1_150_0078_10_100,1,9,CC_DChg,7719.58,7719.607,7722.606,7749.916,3.390941,3.356038,3.308806,3.255306,-74.9976706,-0.0004653877876575,-0.0006297795601134,-0.0007133554892036,-4761.983700232599,-38283.85764646778,0.0270000000000436,2.9989999999997963,27.3100000000004,RD_LFP_HPPC_REPT_Group1_150_0078_10_100,2,20,Group1_150_0078_10_100,0.011735951330227284
RD_LFP_HPPC_REPT_Group1_150_0078_10_100,1,14,CC_DChg,11400.317,11400.344,11402.347,11430.252,3.351617,3.302625,3.280657,3.238522,-74.998035,-0.0006532437816537,-0.0002929143410223,-0.0005618147195456,-6838.176625320805,-49669.39994482134,0.0270000000000436,2.003000000000611,27.90500000000065,RD_LFP_HPPC_REPT_Group1_150_0078_10_100,3,30,Group1_150_0078_10_100,0.009533771673564232
RD_LFP_HPPC_REPT_Group1_150_0078_10_100,1,19,CC_DChg,15080.149,15080.172,15083.175,15110.169,3.331137,3.302967,3.259519,3.229464,-74.9977744,-0.0003756111461355,-0.000579323857909,-0.0004007452253143,-5183.629085875267,-67359.50497932619,0.0230000000010477,3.002999999998792,26.9940000000006,RD_LFP_HPPC_REPT_Group1_150_0078_10_100,4,40,Group1_150_0078_10_100,0.009004579564922217
RD_LFP_HPPC_REPT_Group1_150_0078_10_100,1,24,CC_DChg,18761.051,18761.078,18763.996,18791.018,3.32349,3.288092,3.252993,3.226374,-74.99795040000001,-0.000471986231773,-0.0004679994561558,-0.0003549296995188,-6235.049980541894,-76133.3865174819,0.0270000000018626,2.9179999999978463,27.022000000000844,RD_LFP_HPPC_REPT_Group1_150_0078_10_100,5,50,Group1_150_0078_10_100,0.007668884622938204
RD_LFP_HPPC_REPT_Group1_150_0078_10_100,1,29,CC_DChg,22440.908,22440.935,22443.93,22470.88,3.321526,3.283357,3.252616,3.227137,-74.99782139999999,-0.0005089347835375,-0.0004098919065401,-0.0003397298684732,-7306.804433587855,-79327.73212174868,0.0270000000018626,2.9949999999989814,26.950000000000728,RD_LFP_HPPC_REPT_Group1_150_0078_10_100,6,60,Group1_150_0078_10_100,0.006926844181665255
RD_LFP_HPPC_REPT_Group1_150_0078_10_100,1,34,CC_DChg,26121.515,26121.546,26124.535,26151.451,3.320797,3.29721,3.251113,3.225614,-74.9979154,-0.0003145020748136,-0.0006146437504848,-0.0003399961167453,-4862.979567666106,-79165.61005947235,0.0309999999990395,2.989000000001397,26.91600000000108,RD_LFP_HPPC_REPT_Group1_150_0078_10_100,7,70,Group1_150_0078_10_100,0.009007395958424381
RD_LFP_HPPC_REPT_Group1_150_0078_10_100,1,39,CC_DChg,29802.004,29802.035,29804.034,29832.001,3.320543,3.27037,3.252283,3.224253,-74.99800400000001,-0.0006689911374174,-0.0002411664182422,-0.0003737432798878,-8288.882069772839,-74829.43909625609,0.0309999999990395,1.9989999999997965,27.967000000000557,RD_LFP_HPPC_REPT_Group1_150_0078_10_100,8,80,Group1_150_0078_10_100,0.0068597231219715196
RD_LFP_HPPC_REPT_Group1_150_0078_10_100,1,44,CC_DChg,33497.864,33497.899,33500.901,33527.833,3.320132,3.277635,3.250204,3.224839,-74.99797179999999,-0.0005666419901771,-0.0003657565576993,-0.0003382091460772,-8207.645049164474,-79631.19954731433,0.0349999999962165,3.0020000000004075,26.9320000000007,RD_LFP_HPPC_REPT_Group1_150_0078_10_100,9,90,Group1_150_0078_10_100,0.006516176848043073
RD_LFP_HPPC_REPT_Group1_150_0080_10_100,1,4,CC_DChg,4042.992,4043.019,4046.021,4072.979,3.483841,3.441962,3.368241,3.28253,-74.9971654,-0.0005584077715022,-0.0009829838182124,-0.0011428565272148,-3053.9668551814198,-23588.262706690803,0.0269999999995889,3.0020000000004075,26.95799999999963,RD_LFP_HPPC_REPT_Group1_150_0080_10_100,1,10,Group1_150_0080_10_100,0.02120716610823618
RD_LFP_HPPC_REPT_Group1_150_0080_10_100,1,9,CC_DChg,7728.043,7728.073,7731.075,7757.393,3.385386,3.345949,3.308839,3.256621,-74.99756140000001,-0.0005258437643013,-0.0004948160887801,-0.0006962626387476,-6066.900547635709,-37798.95478427402,0.0300000000006548,3.001999999999498,26.31800000000021,RD_LFP_HPPC_REPT_Group1_150_0080_10_100,2,20,Group1_150_0080_10_100,0.010841529905797365
RD_LFP_HPPC_REPT_Group1_150_0080_10_100,1,14,CC_DChg,11408.423,11408.461,11411.461,11438.384,3.347314,3.300953,3.278944,3.241678,-74.99794039999999,-0.0006181636422645,-0.0002934613921744,-0.000496893645362,-10222.809814167058,-54182.62087128314,0.0379999999986466,3.0,26.923000000000684,RD_LFP_HPPC_REPT_Group1_150_0080_10_100,3,30,Group1_150_0080_10_100,0.007761784507891384
RD_LFP_HPPC_REPT_Group1_150_0080_10_100,1,19,CC_DChg,15088.306,15088.332,15090.332,15118.334,3.32921,3.284761,3.265719,3.233817,-74.9978768,-0.000592670111429,-0.0002539005210878,-0.0004253720419989,-7877.100808738484,-65829.43220342466,0.0259999999998399,2.0,28.002000000000407,RD_LFP_HPPC_REPT_Group1_150_0080_10_100,4,40,Group1_150_0080_10_100,0.007710124937322154
RD_LFP_HPPC_REPT_Group1_150_0080_10_100,1,24,CC_DChg,18769.185,18769.208,18772.195,18799.408,3.323126,3.290689,3.257888,3.231245,-74.9979146,-0.000432505359289,-0.0004373588275746,-0.0003552498778412,-6829.632356034074,-76602.41902224909,0.0229999999974097,2.987000000000989,27.212999999999735,RD_LFP_HPPC_REPT_Group1_150_0080_10_100,5,50,Group1_150_0080_10_100,0.007390631668797413
RD_LFP_HPPC_REPT_Group1_150_0080_10_100,1,29,CC_DChg,22449.094,22449.133,22451.133,22479.094,3.321485,3.274125,3.26029,3.232425,-74.9977848,-0.000631485318217,-0.000184472115235,-0.0003715443072659,-10841.74698951913,-75256.1658278401,0.0390000000006693,2.0,27.96099999999933,RD_LFP_HPPC_REPT_Group1_150_0080_10_100,6,60,Group1_150_0080_10_100,0.006723997883598168
RD_LFP_HPPC_REPT_Group1_150_0080_10_100,1,34,CC_DChg,26129.687,26129.723,26131.725,26159.641,3.320895,3.274602,3.258972,3.230992,-74.997955,-0.0006172568305362,-0.0002084056825282,-0.0003730768392284,-9606.26397375301,-74826.4085696958,0.0360000000000582,2.001999999996769,27.91600000000108,RD_LFP_HPPC_REPT_Group1_150_0080_10_100,7,70,Group1_150_0080_10_100,0.006794172984526821
RD_LFP_HPPC_REPT_Group1_150_0080_10_100,1,39,CC_DChg,29810.425,29810.452,29813.456,29840.41,3.320603,3.283984,3.255558,3.229697,-74.99782339999999,-0.0004882675035073,-0.0003790243331248,-0.0003448233405664,-7925.612519995471,-78167.5624269629,0.0270000000018626,3.003999999997177,26.954000000001543,RD_LFP_HPPC_REPT_Group1_150_0080_10_100,8,80,Group1_150_0080_10_100,0.006758615735611891
RD_LFP_HPPC_REPT_Group1_150_0080_10_100,1,44,CC_DChg,33513.976,33514.003,33516.961,33543.947,3.319966,3.280933,3.255495,3.230083,-74.997942,-0.0005204542812654,-0.0003391826405049,-0.0003388359643255,-8720.965187375072,-79643.2576267828,0.0269999999945866,2.9580000000059954,26.985999999997148,RD_LFP_HPPC_REPT_Group1_150_0080_10_100,9,90,Group1_150_0080_10_100,0.0063523543135650465
RD_LFP_HPPC_REPT_Group2_150_0012_10_100,1,4,CC_DChg,4016.452,4016.479,4021.463,4046.465,3.507454,3.485644,3.363826,3.292435,-74.9970244,-0.0002908115378508,-0.0016243044437373,-0.0009519177670201,-3068.390300363064,-26264.87378029151,0.0269999999995889,4.984000000000378,25.001999999999956,RD_LFP_HPPC_REPT_Group2_150_0012_10_100,1,10,Group2_150_0012_10_100,0.022656983997503693
RD_LFP_HPPC_REPT_Group2_150_0012_10_100,1,9,CC_DChg,7702.386,7702.417,7705.381,7732.354,3.397697,3.362682,3.320766,3.266614,-74.99775919999999,-0.0004668806158144,-0.0005588966983429,-0.0007220482395425,-5303.305617635158,-37356.22985118935,0.030999999999949,2.963999999999942,26.97299999999996,RD_LFP_HPPC_REPT_Group2_150_0012_10_100,2,20,Group2_150_0012_10_100,0.011628270317703188
RD_LFP_HPPC_REPT_Group2_150_0012_10_100,1,14,CC_DChg,11383.4,11383.427,11385.705,11412.701,3.357184,3.330559,3.289399,3.250682,-74.99799300000001,-0.0003550095000542,-0.000548814686281,-0.0005162404812619,-4150.763558163708,-52293.458145722376,0.0270000000000436,2.2780000000002474,26.995999999999185,RD_LFP_HPPC_REPT_Group2_150_0012_10_100,3,30,Group2_150_0012_10_100,0.010604664022824735
RD_LFP_HPPC_REPT_Group2_150_0012_10_100,1,19,CC_DChg,15063.223,15063.251,15066.275,15093.239,3.336954,3.310657,3.272191,3.242443,-74.9977834,-0.0003506370296271,-0.0005128951584454,-0.0003966517229094,-5895.941792792513,-67979.0315852366,0.0280000000002473,3.0239999999994325,26.963999999999945,RD_LFP_HPPC_REPT_Group2_150_0012_10_100,4,40,Group2_150_0012_10_100,0.008405133688554611
RD_LFP_HPPC_REPT_Group2_150_0012_10_100,1,24,CC_DChg,18744.334,18744.362,18747.362,18774.349,3.330285,3.289793,3.266459,3.239644,-74.9981858,-0.000539906393309,-0.0003111275259674,-0.0003575419820355,-9642.348392902984,-75479.24818886565,0.0280000000020663,3.0,26.98699999999735,RD_LFP_HPPC_REPT_Group2_150_0012_10_100,5,50,Group2_150_0012_10_100,0.006422367363501561
RD_LFP_HPPC_REPT_Group2_150_0012_10_100,1,29,CC_DChg,22423.997,22424.046,22427.048,22454.034,3.328523,3.291895,3.266035,3.240209,-74.99790579999998,-0.0004883869703999,-0.0003448096280043,-0.0003443562820123,-8706.25341112268,-78366.5099480704,0.0489999999990686,3.0020000000004075,26.986000000000782,RD_LFP_HPPC_REPT_Group2_150_0012_10_100,6,60,Group2_150_0012_10_100,0.006495835908365326
RD_LFP_HPPC_REPT_Group2_150_0012_10_100,1,34,CC_DChg,26104.627,26104.677,26107.68,26134.663,3.327961,3.292247,3.264809,3.238926,-74.9979096,-0.0004761999393113,-0.0003658501969766,-0.0003451162857477,-8208.27766341735,-78185.24107471401,0.0499999999992724,3.003000000000611,26.98300000000017,RD_LFP_HPPC_REPT_Group2_150_0012_10_100,7,70,Group2_150_0012_10_100,0.00664654536165607
RD_LFP_HPPC_REPT_Group2_150_0012_10_100,1,39,CC_DChg,29786.228,29786.268,29789.269,29816.579,3.327673,3.283791,3.263838,3.237824,-74.99782300000001,-0.0005851103171354,-0.0002660477224785,-0.0003468634016216,-11279.931179422349,-78734.16414738602,0.0400000000008731,3.001000000000204,27.31000000000131,RD_LFP_HPPC_REPT_Group2_150_0012_10_100,8,80,Group2_150_0012_10_100,0.00603607877228583
RD_LFP_HPPC_REPT_Group2_150_0012_10_100,1,44,CC_DChg,33522.808,33522.835,33524.819,33553.117,3.326641,3.283148,3.26579,3.238218,-74.99794920000001,-0.0005799225240681,-0.0002314463286684,-0.0003676367193251,-8572.181772848224,-76972.7247374594,0.0270000000018626,1.9840000000040163,28.297999999995227,RD_LFP_HPPC_REPT_Group2_150_0012_10_100,9,90,Group2_150_0012_10_100,0.006753010800991791
RD_LFP_HPPC_REPT_Group2_150_0050_10_100,1,4,CC_DChg,3998.622,3998.648,4002.641,4028.633,3.496125,3.472279,3.371487,3.292902,-74.99714320000001,-0.0003179587779284,-0.0013439445250762,-0.0010478399129208,-2971.1047781331463,-24805.31584977264,0.0260000000002946,3.992999999999938,25.99199999999973,RD_LFP_HPPC_REPT_Group2_150_0050_10_100,1,10,Group2_150_0050_10_100,0.020383315731757896
RD_LFP_HPPC_REPT_Group2_150_0050_10_100,1,9,CC_DChg,7684.044,7684.082,7687.085,7713.381,3.394887,3.349643,3.316615,3.263717,-74.997703,-0.0006032718095379,-0.0004403868209136,-0.0007053282685204,-6819.005150447461,-37281.93122779736,0.0380000000004656,3.0029999999997017,26.29600000000028,RD_LFP_HPPC_REPT_Group2_150_0050_10_100,2,20,Group2_150_0050_10_100,0.01018133320551498
RD_LFP_HPPC_REPT_Group2_150_0050_10_100,1,14,CC_DChg,11364.497,11364.524,11367.516,11394.451,3.356274,3.310715,3.283867,3.246266,-74.997864,-0.0006074706340969,-0.0003579835287042,-0.0005013609454263,-8357.926441001657,-53723.76976250531,0.0270000000000436,2.992000000000189,26.93499999999949,RD_LFP_HPPC_REPT_Group2_150_0050_10_100,3,30,Group2_150_0050_10_100,0.007895327134235026
RD_LFP_HPPC_REPT_Group2_150_0050_10_100,1,19,CC_DChg,15044.341,15044.372,15047.372,15074.337,3.336658,3.330292,3.265508,3.236937,-74.997901,-8.488237557474938e-05,-0.0008638108418527,-0.0003809573283924,-3472.9825728574983,-70782.20574936186,0.0309999999990395,3.0,26.965000000000146,RD_LFP_HPPC_REPT_Group2_150_0050_10_100,4,40,Group2_150_0050_10_100,0.01208948772281256
RD_LFP_HPPC_REPT_Group2_150_0050_10_100,1,24,CC_DChg,18725.188,18725.207,18728.207,18755.372,3.330843,3.32284,3.260366,3.234679,-74.997799,-0.0001067097982435,-0.0008330111127661,-0.0003425033846659,-3601.3925312930223,-79313.0848224808,0.0190000000002328,3.0,27.165000000000877,RD_LFP_HPPC_REPT_Group2_150_0050_10_100,5,50,Group2_150_0050_10_100,0.011635284304109959
RD_LFP_HPPC_REPT_Group2_150_0050_10_100,1,29,CC_DChg,22405.121,22405.148,22408.147,22435.059,3.329818,3.299046,3.260533,3.235611,-74.9979578,-0.0004103045056514,-0.0005135206494916,-0.0003323023817056,-5840.076738820258,-80986.47942836091,0.0270000000018626,2.9989999999997963,26.912000000000265,RD_LFP_HPPC_REPT_Group2_150_0050_10_100,6,60,Group2_150_0050_10_100,0.007841173919582533
RD_LFP_HPPC_REPT_Group2_150_0050_10_100,1,34,CC_DChg,26085.733,26085.763,26088.764,26115.684,3.329663,3.292576,3.25941,3.234271,-74.99787239999999,-0.0004945073615181,-0.000442225878397,-0.0003351961755117,-6786.124798661734,-80311.17884594286,0.0299999999988358,3.001000000000204,26.92000000000189,RD_LFP_HPPC_REPT_Group2_150_0050_10_100,7,70,Group2_150_0050_10_100,0.007171893819524287
RD_LFP_HPPC_REPT_Group2_150_0050_10_100,1,39,CC_DChg,29766.455,29766.475,29769.475,29796.411,3.329631,3.311431,3.258508,3.233179,-74.9980318,-0.0002426730350542,-0.0007056585183612,-0.0003377288629059,-4251.34809818039,-79756.28665027839,0.0199999999967985,3.0,26.936000000001517,RD_LFP_HPPC_REPT_Group2_150_0050_10_100,8,80,Group2_150_0050_10_100,0.010023002757888708
RD_LFP_HPPC_REPT_Group2_150_0050_10_100,1,44,CC_DChg,33489.764,33489.791,33491.791,33519.758,3.328936,3.281081,3.26062,3.233944,-74.9978296,-0.0006380851319996,-0.0002728212284159,-0.0003556902932028,-7330.80783930402,-78627.3916787951,0.0269999999945866,2.0,27.96700000000419,RD_LFP_HPPC_REPT_Group2_150_0050_10_100,9,90,Group2_150_0050_10_100,0.006522050291494274
RD_LFP_HPPC_REPT_Group2_150_0057_10_100,1,4,CC_DChg,4009.306,4009.337,4012.337,4039.306,3.49603,3.447231,3.378098,3.289992,-74.99730000000001,-0.0006506767576966,-0.0009218065183679,-0.0011747889590691,-3254.4790476328294,-22956.46361995776,0.030999999999949,3.0,26.96900000000005,RD_LFP_HPPC_REPT_Group2_150_0057_10_100,1,10,Group2_150_0057_10_100,0.020928200930849898
RD_LFP_HPPC_REPT_Group2_150_0057_10_100,1,9,CC_DChg,7694.559,7694.585,7696.914,7723.891,3.395131,3.359054,3.315259,3.262029,-74.9977622,-0.0004810410196479,-0.0005839507568667,-0.0007097545105152,-3988.349998031282,-38008.916604722624,0.0259999999998399,2.3289999999997235,26.97699999999986,RD_LFP_HPPC_REPT_Group2_150_0057_10_100,2,20,Group2_150_0057_10_100,0.01239760005735289
RD_LFP_HPPC_REPT_Group2_150_0057_10_100,1,14,CC_DChg,11374.933,11374.964,11377.965,11404.261,3.356327,3.311507,3.283225,3.24515,-74.99783,-0.0005976172910602,-0.0003771042442161,-0.0005076813555805,-7958.011732904759,-51796.26888194457,0.0309999999990395,3.001000000000204,26.29600000000028,RD_LFP_HPPC_REPT_Group2_150_0057_10_100,3,30,Group2_150_0057_10_100,0.007924726847573036
RD_LFP_HPPC_REPT_Group2_150_0057_10_100,1,19,CC_DChg,15054.84,15054.864,15057.859,15084.825,3.337057,3.298769,3.265805,3.236346,-74.9979628,-0.0005105205337657,-0.0004395319388595,-0.0003927973360897,-6814.066817924358,-68651.17841287376,0.0239999999994324,2.9950000000008004,26.96600000000035,RD_LFP_HPPC_REPT_Group2_150_0057_10_100,4,40,Group2_150_0057_10_100,0.007637533869184848
RD_LFP_HPPC_REPT_Group2_150_0057_10_100,1,24,CC_DChg,18735.686,18735.717,18738.718,18765.926,3.330606,3.285257,3.260051,3.233522,-74.998007,-0.0006046694014148,-0.0003360889310031,-0.0003537293997692,-8929.18428179849,-76917.55341158362,0.0309999999990395,3.001000000000204,27.20799999999872,RD_LFP_HPPC_REPT_Group2_150_0057_10_100,5,50,Group2_150_0057_10_100,0.006406895383381168
RD_LFP_HPPC_REPT_Group2_150_0057_10_100,1,29,CC_DChg,22415.626,22415.665,22417.665,22445.627,3.329081,3.277483,3.262211,3.234428,-74.99802319999999,-0.0006879914669537,-0.000203632033864,-0.0003704497640679,-9821.637401781069,-75481.21962057156,0.0390000000006693,2.0,27.96199999999953,RD_LFP_HPPC_REPT_Group2_150_0057_10_100,6,60,Group2_150_0057_10_100,0.006645581598132777
RD_LFP_HPPC_REPT_Group2_150_0057_10_100,1,34,CC_DChg,26096.241,26096.291,26099.269,26126.241,3.328657,3.275773,3.258616,3.232894,-74.997888,-0.0007051398567383,-0.000228766442063,-0.0003429696580255,-13017.643554463808,-78642.52527548854,0.0499999999992724,2.977999999999156,26.97200000000157,RD_LFP_HPPC_REPT_Group2_150_0057_10_100,7,70,Group2_150_0057_10_100,0.005688167914079029
RD_LFP_HPPC_REPT_Group2_150_0057_10_100,1,39,CC_DChg,29777.051,29777.077,29780.078,29807.02,3.328543,3.292187,3.257738,3.231825,-74.997837,-0.0004847606471637,-0.0004593332471708,-0.0003455166313663,-6533.382938169837,-77975.98597051523,0.0260000000016589,3.001000000000204,26.941999999999094,RD_LFP_HPPC_REPT_Group2_150_0057_10_100,8,80,Group2_150_0057_10_100,0.007417642011360183
RD_LFP_HPPC_REPT_Group2_150_0057_10_100,1,44,CC_DChg,33493.263,33493.294,33496.272,33523.26,3.327971,3.280824,3.257891,3.232523,-74.99775819999999,-0.0006286454572984,-0.0003057824733753,-0.0003382501105213,-9738.94928353303,-79787.11361959853,0.0310000000026775,2.977999999995518,26.98800000000483,RD_LFP_HPPC_REPT_Group2_150_0057_10_100,9,90,Group2_150_0057_10_100,0.006053104008447949
