segment,mean,std,cell_id,pulse_no
early,0.0495897441806771,0.0004184873938557705,Group0_150_0001_10_100,1
mid,0.027197546484071706,0.009766198044274456,Group0_150_0001_10_100,1
late,0.018228136028155244,0.002115297696363898,Group0_150_0001_10_100,1
early,0.01262147830112045,0.002267566287603796,Group0_150_0001_10_100,2
mid,0.006666183235892649,0.0011564415848579752,Group0_150_0001_10_100,2
late,0.013751321229192311,0.0028783691397115804,Group0_150_0001_10_100,2
early,0.0211178915126118,0.00660713737456491,Group0_150_0001_10_100,3
mid,0.006571688792523466,0.0016905428018895577,Group0_150_0001_10_100,3
late,0.010447984918071506,0.0018488012216176023,Group0_150_0001_10_100,3
early,0.01434751324976875,0.0030119847238450847,Group0_150_0001_10_100,4
mid,0.0051869054346797335,0.0014256034201485025,Group0_150_0001_10_100,4
late,0.008151693757776012,0.0013363168695951907,Group0_150_0001_10_100,4
early,0.04477748609615935,0.00760402752355254,Group0_150_0001_10_100,5
mid,0.01261159839666714,0.008205269530056297,Group0_150_0001_10_100,5
late,0.00651668695363875,0.0008415868061798587,Group0_150_0001_10_100,5
early,0.01125469342700855,0.002324746422400769,Group0_150_0001_10_100,6
mid,0.004480850354843323,0.0010006016440083558,Group0_150_0001_10_100,6
late,0.0071682468695536995,0.0009844529381970448,Group0_150_0001_10_100,6
early,0.034837984427071804,0.007833883824770039,Group0_150_0001_10_100,7
mid,0.008517003596414116,0.005203457926765941,Group0_150_0001_10_100,7
late,0.007079817635944537,0.0010141300985729836,Group0_150_0001_10_100,7
early,0.029534862590182603,0.009375444787840215,Group0_150_0001_10_100,8
mid,0.007209491807507537,0.003344702165647635,Group0_150_0001_10_100,8
late,0.007125896132009144,0.0010250874970621844,Group0_150_0001_10_100,8
early,0.01722614410511885,0.0036969525606090786,Group0_150_0001_10_100,9
mid,0.005418268797759662,0.0019365591580098756,Group0_150_0001_10_100,9
late,0.007095833536923454,0.000972055125640996,Group0_150_0001_10_100,9
early,0.0494354953824898,0.00037321351137782063,Group0_150_0003_10_100,1
mid,0.026614939321998786,0.010686010642760419,Group0_150_0003_10_100,1
late,0.015545891995689986,0.0017562752367478117,Group0_150_0003_10_100,1
early,0.027442224277191847,0.005559484238784354,Group0_150_0003_10_100,2
mid,0.009059210270480234,0.003188446842893751,Group0_150_0003_10_100,2
late,0.01337099617418363,0.002679893561574265,Group0_150_0003_10_100,2
early,0.014973327776747966,0.004510189444864037,Group0_150_0003_10_100,3
mid,0.005890541482256442,0.0010116497637664011,Group0_150_0003_10_100,3
late,0.01007714307535348,0.0017129237055917535,Group0_150_0003_10_100,3
early,0.009684824983628701,0.001917476790307008,Group0_150_0003_10_100,4
mid,0.004583524222303146,0.0008633547002720658,Group0_150_0003_10_100,4
late,0.008093107733244414,0.0011205894439759688,Group0_150_0003_10_100,4
early,0.020741223343712766,0.006403494863672631,Group0_150_0003_10_100,5
mid,0.0058405679336622,0.002106016434964121,Group0_150_0003_10_100,5
late,0.007240346663434075,0.0010442652351778864,Group0_150_0003_10_100,5
early,0.01371945195570285,0.002870329845217249,Group0_150_0003_10_100,6
mid,0.004898243489316217,0.0014050990946183849,Group0_150_0003_10_100,6
late,0.0069694552646589565,0.0010132112268527761,Group0_150_0003_10_100,6
early,0.00608019810975465,0.0016282638256014705,Group0_150_0003_10_100,7
mid,0.0044215149583599,0.0011551583074168295,Group0_150_0003_10_100,7
late,0.008291239483175013,0.0009032721957085395,Group0_150_0003_10_100,7
early,0.0260942215765329,0.005698453113755485,Group0_150_0003_10_100,8
mid,0.006976139077862469,0.0034426631376518707,Group0_150_0003_10_100,8
late,0.007187930617377373,0.0009038890693105529,Group0_150_0003_10_100,8
early,0.0250988924366961,0.005500708583996818,Group0_150_0003_10_100,9
mid,0.006733439319522691,0.0034849816716368462,Group0_150_0003_10_100,9
late,0.006802005305676406,0.00108306087580232,Group0_150_0003_10_100,9
early,0.0217473868529742,0.002007564278523013,Group0_150_0004_10_100,1
mid,0.019106131786687807,0.0020951298572470926,Group0_150_0004_10_100,1
late,0.02169018276616912,0.002563118976268054,Group0_150_0004_10_100,1
early,0.009060362885681749,0.0012271341204761132,Group0_150_0004_10_100,2
mid,0.005989440158253517,0.0012244726783864912,Group0_150_0004_10_100,2
late,0.013492976400513463,0.0027875676240173273,Group0_150_0004_10_100,2
early,0.007081947494354534,0.0019205489209811488,Group0_150_0004_10_100,3
mid,0.004677218567712916,0.0012315790264994162,Group0_150_0004_10_100,3
late,0.01022389504456432,0.0017812914067558215,Group0_150_0004_10_100,3
early,0.011824720034426351,0.002389489023432371,Group0_150_0004_10_100,4
mid,0.004871678157436277,0.0010471869334457294,Group0_150_0004_10_100,4
late,0.008168299449681993,0.0011856146880516772,Group0_150_0004_10_100,4
early,0.013626012975566267,0.0040722853465000155,Group0_150_0004_10_100,5
mid,0.004789694381265246,0.0010586956335544419,Group0_150_0004_10_100,5
late,0.0071829405716037995,0.001098955203707706,Group0_150_0004_10_100,5
early,0.0089105431367264,0.00258511080202833,Group0_150_0004_10_100,6
mid,0.0041120662216306,0.0006171313945394935,Group0_150_0004_10_100,6
late,0.0070265330715904,0.0009526819458190134,Group0_150_0004_10_100,6
early,0.008269945108525,0.0016505095617343566,Group0_150_0004_10_100,7
mid,0.00393128554266055,0.0006804137833553709,Group0_150_0004_10_100,7
late,0.006890021336804644,0.0010435448849395329,Group0_150_0004_10_100,7
early,0.00613366675791345,0.001636656156539299,Group0_150_0004_10_100,8
mid,0.004404775246016667,0.00113665908757984,Group0_150_0004_10_100,8
late,0.008282097962852788,0.0009316473806897777,Group0_150_0004_10_100,8
early,0.015114114307415348,0.0031776153631022422,Group0_150_0004_10_100,9
mid,0.0049571922369415836,0.0017189285266985968,Group0_150_0004_10_100,9
late,0.00665453238127035,0.001087685447833156,Group0_150_0004_10_100,9
early,0.0316611708423937,0.00037246535525363385,Group0_150_0007_10_100,1
mid,0.019453307797307192,0.0040393428040963264,Group0_150_0007_10_100,1
late,0.021138705402093887,0.0026624203672480596,Group0_150_0007_10_100,1
early,0.019127006190248153,0.003502751578952574,Group0_150_0007_10_100,2
mid,0.008186346252572667,0.0017100083581047783,Group0_150_0007_10_100,2
late,0.014338271363221394,0.002787357399117574,Group0_150_0007_10_100,2
early,0.033074485898233,0.0072589702017788445,Group0_150_0007_10_100,3
mid,0.009119194406714338,0.004218061324589165,Group0_150_0007_10_100,3
late,0.010813699217333734,0.0016564545749382458,Group0_150_0007_10_100,3
early,0.017610106939245466,0.005280984733760649,Group0_150_0007_10_100,4
mid,0.00607134990878041,0.0013617583793250013,Group0_150_0007_10_100,4
late,0.008589672450863237,0.001217122605111828,Group0_150_0007_10_100,4
early,0.0177662542433192,0.0037575406497295932,Group0_150_0007_10_100,5
mid,0.006059084807050075,0.0019458296126312006,Group0_150_0007_10_100,5
late,0.00792427036566543,0.0010727906102694855,Group0_150_0007_10_100,5
early,0.015311966816409334,0.0045808463570108735,Group0_150_0007_10_100,6
mid,0.005548314609841509,0.0010991841228293832,Group0_150_0007_10_100,6
late,0.007641787097872687,0.0010497375449197246,Group0_150_0007_10_100,6
early,0.05300805106124225,0.009036781707853343,Group0_150_0007_10_100,7
mid,0.014968837098266907,0.009793519837225253,Group0_150_0007_10_100,7
late,0.0068753432163988,0.0007050239961890559,Group0_150_0007_10_100,7
early,0.0542336591566754,0.009125861208111357,Group0_150_0007_10_100,8
mid,0.015273998672621691,0.010048330157354185,Group0_150_0007_10_100,8
late,0.006922993212315069,0.0007039114485251804,Group0_150_0007_10_100,8
early,0.023099157097693647,0.005020482814291793,Group0_150_0007_10_100,9
mid,0.006717600402078575,0.0029581030949167347,Group0_150_0007_10_100,9
late,0.007637277844785969,0.0011226832594158946,Group0_150_0007_10_100,9
early,0.047012386793751054,0.0016250564480362415,Group0_150_0011_10_100,1
mid,0.02815033318345366,0.01025619052132095,Group0_150_0011_10_100,1
late,0.016615468520847266,0.0015872000419460866,Group0_150_0011_10_100,1
early,0.009562063350982166,0.002037820883763635,Group0_150_0011_10_100,2
mid,0.006258734042618509,0.0011755496032102041,Group0_150_0011_10_100,2
late,0.013673337794626093,0.0027987058030968298,Group0_150_0011_10_100,2
early,0.009531332472208368,0.002678237516891604,Group0_150_0011_10_100,3
mid,0.004994389671764383,0.00098380639521427,Group0_150_0011_10_100,3
late,0.010357992413942927,0.001819364539404864,Group0_150_0011_10_100,3
early,0.02643314754617785,0.005832991064789291,Group0_150_0011_10_100,4
mid,0.007349022260360216,0.0035112136455137536,Group0_150_0011_10_100,4
late,0.008152141586231657,0.0012709560275909614,Group0_150_0011_10_100,4
early,0.00801582230424635,0.0015468968625008562,Group0_150_0011_10_100,5
mid,0.003989705030331925,0.000689884475899441,Group0_150_0011_10_100,5
late,0.007273527927903375,0.0011152071341841885,Group0_150_0011_10_100,5
early,0.012681649655812801,0.003755882887322958,Group0_150_0011_10_100,6
mid,0.004571644716033118,0.0009829233055205383,Group0_150_0011_10_100,6
late,0.006944383120869844,0.0010980280194088023,Group0_150_0011_10_100,6
early,0.0104375990089531,0.002116711614645982,Group0_150_0011_10_100,7
mid,0.004314156283234275,0.0009169472314688705,Group0_150_0011_10_100,7
late,0.006978320143749919,0.0010592984749264033,Group0_150_0011_10_100,7
early,0.03204857604650785,0.007140697725657462,Group0_150_0011_10_100,8
mid,0.008068482684970766,0.004683102551679535,Group0_150_0011_10_100,8
late,0.007086389478809594,0.0010067260473195455,Group0_150_0011_10_100,8
early,0.0062287153157716,0.0016363987882947958,Group0_150_0011_10_100,9
mid,0.004386759068728592,0.0010928085720872188,Group0_150_0011_10_100,9
late,0.0082117398489444,0.0009447188229923582,Group0_150_0011_10_100,9
early,0.016289579879372,0.0008525526765265995,Group0_150_0025_10_100,1
mid,0.017098323224577425,0.0014049769836634168,Group0_150_0025_10_100,1
late,0.024208663937781195,0.0024280694483102363,Group0_150_0025_10_100,1
early,0.010576337050665699,0.0016301926218439,Group0_150_0025_10_100,2
mid,0.006140701230559158,0.001127804812839997,Group0_150_0025_10_100,2
late,0.013268030951700987,0.002709302220561522,Group0_150_0025_10_100,2
early,0.014116827746538151,0.002928365975648833,Group0_150_0025_10_100,3
mid,0.005574810894005641,0.0013072519821938691,Group0_150_0025_10_100,3
late,0.009834643973572674,0.0018109053519109219,Group0_150_0025_10_100,3
early,0.01605300778230795,0.0034032396733725896,Group0_150_0025_10_100,4
mid,0.005616884686999523,0.001596883022804083,Group0_150_0025_10_100,4
late,0.00814958578668008,0.0011222160573904228,Group0_150_0025_10_100,4
early,0.0038681889224724667,0.0011456209447753976,Group0_150_0025_10_100,5
mid,0.004843651666772084,0.001515448907434963,Group0_150_0025_10_100,5
late,0.008892697865980107,0.0008216084586373772,Group0_150_0025_10_100,5
early,0.0033855576749364665,0.0009905838675493756,Group0_150_0025_10_100,6
mid,0.004557767583006358,0.0014664655809719458,Group0_150_0025_10_100,6
late,0.008462264974780694,0.0008197226398076495,Group0_150_0025_10_100,6
early,0.011498037301565968,0.003403062261408056,Group0_150_0025_10_100,7
mid,0.004388470596117872,0.0008286787545840119,Group0_150_0025_10_100,7
late,0.007002558316296956,0.001044271139733306,Group0_150_0025_10_100,7
early,0.00609020316153125,0.0016219201640625832,Group0_150_0025_10_100,8
mid,0.0046559221885944,0.0012927745521607048,Group0_150_0025_10_100,8
late,0.0085133479856881,0.0008245573446842509,Group0_150_0025_10_100,8
early,0.0064718372216825,0.0011916458790742403,Group0_150_0025_10_100,9
mid,0.003679096884423083,0.0006500999367829779,Group0_150_0025_10_100,9
late,0.006967952434521718,0.0010368296310611616,Group0_150_0025_10_100,9
early,0.0784833005821723,0.0008591098007923617,Group0_150_0034_10_100,1
mid,0.047216693877773455,0.01671889518874447,Group0_150_0034_10_100,1
late,0.018355803535962435,0.002234007607817004,Group0_150_0034_10_100,1
early,0.03256582528829967,0.009333439519471019,Group0_150_0034_10_100,2
mid,0.010648594519041134,0.002753590385517051,Group0_150_0034_10_100,2
late,0.014720260983703853,0.002191041918411232,Group0_150_0034_10_100,2
early,0.02728751599496253,0.008333153322201579,Group0_150_0034_10_100,3
mid,0.008232909911848767,0.0023931771142197654,Group0_150_0034_10_100,3
late,0.01065669918770384,0.0014077197117555104,Group0_150_0034_10_100,3
early,0.014363719352774949,0.002843346628339475,Group0_150_0034_10_100,4
mid,0.005887282500091159,0.0012751916797706998,Group0_150_0034_10_100,4
late,0.008584342288051888,0.0010970413647010727,Group0_150_0034_10_100,4
early,0.03724116819791025,0.008227184595083368,Group0_150_0034_10_100,5
mid,0.009659217801132042,0.005410577762646391,Group0_150_0034_10_100,5
late,0.00806699405981105,0.0009300407519736422,Group0_150_0034_10_100,5
early,0.04896056089045435,0.008173537596007857,Group0_150_0034_10_100,6
mid,0.013474771727178916,0.00885693144796639,Group0_150_0034_10_100,6
late,0.006946385948430827,0.000677446682194818,Group0_150_0034_10_100,6
early,0.015231699575839001,0.004440670959483742,Group0_150_0034_10_100,7
mid,0.005778560745290776,0.0010328158125125174,Group0_150_0034_10_100,7
late,0.007868071394116907,0.0009147429787442602,Group0_150_0034_10_100,7
early,0.0442039395245552,0.011868658739485529,Group0_150_0034_10_100,8
mid,0.010849971382921809,0.006441292563329275,Group0_150_0034_10_100,8
late,0.008008129122891233,0.0007649218117618562,Group0_150_0034_10_100,8
early,0.0245463024585945,0.005201542085114536,Group0_150_0034_10_100,9
mid,0.0073889272545785084,0.0031396353312776446,Group0_150_0034_10_100,9
late,0.007776451097681557,0.0009441736067044488,Group0_150_0034_10_100,9
early,0.033702592673673405,0.0021581117631180634,Group0_150_0040_10_100,1
mid,0.019698466147539635,0.003851322071250339,Group0_150_0040_10_100,1
late,0.02060328812554983,0.002292362568346997,Group0_150_0040_10_100,1
early,0.0112027725511394,0.0016896933889393596,Group0_150_0040_10_100,2
mid,0.006425315613476742,0.001079571729070418,Group0_150_0040_10_100,2
late,0.013484834264101906,0.0027937859881780624,Group0_150_0040_10_100,2
early,0.01391715267434395,0.002825235705439387,Group0_150_0040_10_100,3
mid,0.005501068497842875,0.0012879416055591837,Group0_150_0040_10_100,3
late,0.010101352290269724,0.0019474531462050323,Group0_150_0040_10_100,3
early,0.011530494335525152,0.002319434674513135,Group0_150_0040_10_100,4
mid,0.004823579723455925,0.001007346117456851,Group0_150_0040_10_100,4
late,0.008174570547379056,0.001322365662665364,Group0_150_0040_10_100,4
early,0.0273532752189202,0.006055680914831206,Group0_150_0040_10_100,5
mid,0.007377464418944567,0.003757016168733712,Group0_150_0040_10_100,5
late,0.00745815520900255,0.0010741929475787367,Group0_150_0040_10_100,5
early,0.009741421143223801,0.0019654142289135495,Group0_150_0040_10_100,6
mid,0.004225136692883633,0.0008235796299975306,Group0_150_0040_10_100,6
late,0.007115354599050237,0.0010848606439624047,Group0_150_0040_10_100,6
early,0.01049206938435195,0.00211526407989199,Group0_150_0040_10_100,7
mid,0.0043972702646847914,0.0008942974431524022,Group0_150_0040_10_100,7
late,0.007129456734876643,0.001082518335137333,Group0_150_0040_10_100,7
early,0.016852625810602335,0.005147967652152971,Group0_150_0040_10_100,8
mid,0.005501896016747983,0.0013392283231132977,Group0_150_0040_10_100,8
late,0.007400957508960846,0.000918461093019591,Group0_150_0040_10_100,8
early,0.012464712749014,0.002562298790083459,Group0_150_0040_10_100,9
mid,0.0047490383549695075,0.0011634854488601371,Group0_150_0040_10_100,9
late,0.007208213054842106,0.0009774775183675978,Group0_150_0040_10_100,9
early,0.0229085015555511,0.0027079650156767413,Group0_150_0043_10_100,1
mid,0.01637166235865711,0.0032075598443994957,Group0_150_0043_10_100,1
late,0.016998312692277206,0.002552047071226327,Group0_150_0043_10_100,1
early,0.00889202192862255,0.001247841940121443,Group0_150_0043_10_100,2
mid,0.0061039018361172155,0.0014478780488743845,Group0_150_0043_10_100,2
late,0.0136342357058667,0.00257409972261139,Group0_150_0043_10_100,2
early,0.006105627071754699,0.0016222018793858035,Group0_150_0043_10_100,3
mid,0.0041603978971598635,0.0010499811359653678,Group0_150_0043_10_100,3
late,0.0099420195390996,0.002002173219506759,Group0_150_0043_10_100,3
early,0.0051666845628499,0.0013284674712492643,Group0_150_0043_10_100,4
mid,0.004855813138429716,0.0016097636028064497,Group0_150_0043_10_100,4
late,0.009727956203757106,0.0011271682394761314,Group0_150_0043_10_100,4
early,0.02036901434073885,0.00442704883816748,Group0_150_0043_10_100,5
mid,0.006021958719435317,0.002549828511116931,Group0_150_0043_10_100,5
late,0.0072132344028505,0.0011022754814064973,Group0_150_0043_10_100,5
early,0.0065291258345199,0.0018402483372746872,Group0_150_0043_10_100,6
mid,0.004518556063792269,0.0011747779870932165,Group0_150_0043_10_100,6
late,0.008277689971171221,0.0008608793938246966,Group0_150_0043_10_100,6
early,0.011208768191156898,0.0033207386352001674,Group0_150_0043_10_100,7
mid,0.00452245578910655,0.0007497378499748292,Group0_150_0043_10_100,7
late,0.007042249646597554,0.0009205236026025855,Group0_150_0043_10_100,7
early,0.0046009247097891,0.0017001055264407791,Group0_150_0043_10_100,8
mid,0.004005975267658067,0.0011491004437532031,Group0_150_0043_10_100,8
late,0.008033360912024844,0.0010010915757147083,Group0_150_0043_10_100,8
early,0.02066186404113195,0.00446035528923542,Group0_150_0043_10_100,9
mid,0.005922228878862969,0.0025447381863609314,Group0_150_0043_10_100,9
late,0.006929574593330307,0.0009483835780771799,Group0_150_0043_10_100,9
early,0.0238548660915583,0.002466595464841411,Group0_150_0046_10_100,1
mid,0.017348960195513134,0.004294694965098714,Group0_150_0046_10_100,1
late,0.014731200791856719,0.0023355745934374615,Group0_150_0046_10_100,1
early,0.0096494108272737,0.0010819663933800704,Group0_150_0046_10_100,2
mid,0.005352543748606967,0.0011387488323905924,Group0_150_0046_10_100,2
late,0.012616281005281532,0.002743505463169195,Group0_150_0046_10_100,2
early,0.005672518850160833,0.0015185796706522355,Group0_150_0046_10_100,3
mid,0.0041038695198834275,0.0010869459859939568,Group0_150_0046_10_100,3
late,0.009499773304982518,0.002039864518160151,Group0_150_0046_10_100,3
early,0.0101116222171626,0.002074757020433749,Group0_150_0046_10_100,4
mid,0.0043377524682118,0.0008729935484359395,Group0_150_0046_10_100,4
late,0.00782187412365848,0.0013387516407230608,Group0_150_0046_10_100,4
early,0.00751300141672035,0.0014264824814060764,Group0_150_0046_10_100,5
mid,0.003744492831620875,0.0006620524808992246,Group0_150_0046_10_100,5
late,0.007017470160895975,0.0011265045213670658,Group0_150_0046_10_100,5
early,0.0034915509722097003,0.0008192954998288476,Group0_150_0046_10_100,6
mid,0.003908392503086025,0.0013320774607354826,Group0_150_0046_10_100,6
late,0.007986957976155125,0.0009507631632397943,Group0_150_0046_10_100,6
early,0.007897813707308,0.0015615560501389051,Group0_150_0046_10_100,7
mid,0.003850759626385623,0.0007003412988550498,Group0_150_0046_10_100,7
late,0.006839065275372534,0.0009669075640748122,Group0_150_0046_10_100,7
early,0.00427236751501195,0.0014691099244734736,Group0_150_0046_10_100,8
mid,0.003956342232920992,0.0012155328676832422,Group0_150_0046_10_100,8
late,0.007926430999062825,0.0009498446440611949,Group0_150_0046_10_100,8
early,0.00890076631616505,0.001756268855478452,Group0_150_0046_10_100,9
mid,0.0038776605991831,0.0007566993829570361,Group0_150_0046_10_100,9
late,0.006585653641561612,0.0010383798320002732,Group0_150_0046_10_100,9
early,0.07542128093410803,0.0020938426351083048,Group0_150_0049_10_100,1
mid,0.043006532685899046,0.014627314666509485,Group0_150_0049_10_100,1
late,0.017755977664200315,0.001955112440584423,Group0_150_0049_10_100,1
early,0.027687693277445264,0.008302050868109322,Group0_150_0049_10_100,2
mid,0.008748512884603,0.002425316198396505,Group0_150_0049_10_100,2
late,0.013347960035757606,0.002690278180741264,Group0_150_0049_10_100,2
early,0.0146773412251306,0.004429839682560393,Group0_150_0049_10_100,3
mid,0.005746519398989325,0.0010109276335314432,Group0_150_0049_10_100,3
late,0.010126850538734312,0.0016513930730488074,Group0_150_0049_10_100,3
early,0.0164085141273391,0.0034472864230873745,Group0_150_0049_10_100,4
mid,0.0057332047089736415,0.0017095240464842674,Group0_150_0049_10_100,4
late,0.008188067181759224,0.0012340190466979858,Group0_150_0049_10_100,4
early,0.01841466137105245,0.003934156160195052,Group0_150_0049_10_100,5
mid,0.005974124282934375,0.002113188635766472,Group0_150_0049_10_100,5
late,0.007576723306421275,0.0010733611103385032,Group0_150_0049_10_100,5
early,0.014722269248549533,0.004438924521857297,Group0_150_0049_10_100,6
mid,0.0052477401524972924,0.0010635535979667567,Group0_150_0049_10_100,6
late,0.007512470739047967,0.0009394434529848122,Group0_150_0049_10_100,6
early,0.018946544762006,0.004059257369425163,Group0_150_0049_10_100,7
mid,0.005977053814059983,0.0022409693384145436,Group0_150_0049_10_100,7
late,0.007333260402191637,0.001028047165064599,Group0_150_0049_10_100,7
early,0.04103482814242685,0.009192627902918788,Group0_150_0049_10_100,8
mid,0.009817528718367342,0.0062624931340442445,Group0_150_0049_10_100,8
late,0.007447202729356075,0.0009731839674872569,Group0_150_0049_10_100,8
early,0.0256567364506148,0.005091250068040488,Group0_150_0049_10_100,9
mid,0.007586988320632417,0.003665097225995027,Group0_150_0049_10_100,9
late,0.007268478774961462,0.0009848463997639211,Group0_150_0049_10_100,9
early,0.019266433710765633,0.0013260272739602653,Group0_150_0056_10_100,1
mid,0.015438576615484883,0.001457941129978415,Group0_150_0056_10_100,1
late,0.0195953993824829,0.0025580186787839926,Group0_150_0056_10_100,1
early,0.01160424574524895,0.000567700817089529,Group0_150_0056_10_100,2
mid,0.00521207892287795,0.0010878485410251728,Group0_150_0056_10_100,2
late,0.0125203364333012,0.00265102444124314,Group0_150_0056_10_100,2
early,0.006775686829981466,0.0017713306102892293,Group0_150_0056_10_100,3
mid,0.004651455107537025,0.0011759701259846061,Group0_150_0056_10_100,3
late,0.010071951907253407,0.0016458387776699661,Group0_150_0056_10_100,3
early,0.00465613131031215,0.001083915984747922,Group0_150_0056_10_100,4
mid,0.004999994067132108,0.0017058636666705234,Group0_150_0056_10_100,4
late,0.009706582793147222,0.0009732981556977991,Group0_150_0056_10_100,4
early,0.01576160324623997,0.004759587170356481,Group0_150_0056_10_100,5
mid,0.00538284206183735,0.0011683509921372713,Group0_150_0056_10_100,5
late,0.007540811867856514,0.0009353695103319481,Group0_150_0056_10_100,5
early,0.01184810558569755,0.002446235628557508,Group0_150_0056_10_100,6
mid,0.005042838330382146,0.0008570226605436272,Group0_150_0056_10_100,6
late,0.007195718958831626,0.0008741679220924814,Group0_150_0056_10_100,6
early,0.0052189367546402,0.001335703077317014,Group0_150_0056_10_100,7
mid,0.004616148920663369,0.0015067262597454336,Group0_150_0056_10_100,7
late,0.008543706605261681,0.000750302471291628,Group0_150_0056_10_100,7
early,0.0211189292124489,0.0046838779155803836,Group0_150_0056_10_100,8
mid,0.006238815411793523,0.0025525484417663704,Group0_150_0056_10_100,8
late,0.007202009579020774,0.0009027154693378454,Group0_150_0056_10_100,8
early,0.0099304379131399,0.0019564980189787223,Group0_150_0056_10_100,9
mid,0.004368266407102538,0.0008309200189128772,Group0_150_0056_10_100,9
late,0.007032376340053746,0.0009267657239311998,Group0_150_0056_10_100,9
early,0.0483089140737056,7.120797091280621e-06,Group0_150_0087_10_100,1
mid,0.027856245087959794,0.009840120125988415,Group0_150_0087_10_100,1
late,0.016424799358328114,0.0016991620642760922,Group0_150_0087_10_100,1
early,0.012765278774458199,0.002505184683982767,Group0_150_0087_10_100,2
mid,0.006578710460511055,0.0009734950790707195,Group0_150_0087_10_100,2
late,0.01308966063987025,0.0029846498952899835,Group0_150_0087_10_100,2
early,0.01702892167080675,0.003833476204273204,Group0_150_0087_10_100,3
mid,0.005886070991330709,0.001745454688318819,Group0_150_0087_10_100,3
late,0.009827438098972506,0.0019844393057352086,Group0_150_0087_10_100,3
early,0.029246696504362,0.006530467892714013,Group0_150_0087_10_100,4
mid,0.007590732218552592,0.003926594419266149,Group0_150_0087_10_100,4
late,0.008227428900440866,0.001243121542362815,Group0_150_0087_10_100,4
early,0.013503794817871052,0.0028540877572430286,Group0_150_0087_10_100,5
mid,0.004818605421195825,0.001373154717568695,Group0_150_0087_10_100,5
late,0.007170539862543756,0.0011397035012457794,Group0_150_0087_10_100,5
early,0.01889431016403835,0.004158661456418084,Group0_150_0087_10_100,6
mid,0.0056166995448783995,0.0023823445004465993,Group0_150_0087_10_100,6
late,0.006949460757573394,0.00099500311834064,Group0_150_0087_10_100,6
early,0.00994089979904505,0.0020572881832384357,Group0_150_0087_10_100,7
mid,0.004000785168181783,0.0008941930761649538,Group0_150_0087_10_100,7
late,0.006734578244794844,0.0011863217931972355,Group0_150_0087_10_100,7
early,0.012222271943112234,0.003705102478947442,Group0_150_0087_10_100,8
mid,0.004529795970634866,0.0008342358727134056,Group0_150_0087_10_100,8
late,0.007044881298491386,0.0009872636735101152,Group0_150_0087_10_100,8
early,0.009366614006401701,0.001935696307926938,Group0_150_0087_10_100,9
mid,0.004011545552447225,0.0007937676625436247,Group0_150_0087_10_100,9
late,0.006746395481266338,0.001072995058031602,Group0_150_0087_10_100,9
early,0.0232329497481258,0.001624043378206748,Group0_150_0091_10_100,1
mid,0.015496287786682208,0.0014498240712302675,Group0_150_0091_10_100,1
late,0.021542505557656293,0.0027575902350960102,Group0_150_0091_10_100,1
early,0.0188307755375858,0.003537541595888301,Group0_150_0091_10_100,2
mid,0.0078056821930695625,0.0017261084649606094,Group0_150_0091_10_100,2
late,0.013531877558632133,0.002325849605198291,Group0_150_0091_10_100,2
early,0.0245331573706073,0.00520881700337931,Group0_150_0091_10_100,3
mid,0.0077007137182415674,0.0029134451763722902,Group0_150_0091_10_100,3
late,0.010035267474674144,0.0015994825491834534,Group0_150_0091_10_100,3
early,0.014896319387124199,0.004295284984751008,Group0_150_0091_10_100,4
mid,0.005733479253160325,0.0009956647761883808,Group0_150_0091_10_100,4
late,0.00864667336830846,0.0010624296731511068,Group0_150_0091_10_100,4
early,0.0161695514684292,0.003264720169540383,Group0_150_0091_10_100,5
mid,0.005879814111355817,0.0016144187356923342,Group0_150_0091_10_100,5
late,0.007884223584209487,0.0010756834110526219,Group0_150_0091_10_100,5
early,0.0164207707873147,0.0034328107569658816,Group0_150_0091_10_100,6
mid,0.005758074112599308,0.0017477503152838769,Group0_150_0091_10_100,6
late,0.007624681333994619,0.0010107054133171606,Group0_150_0091_10_100,6
early,0.02592871087413145,0.005594795153443103,Group0_150_0091_10_100,7
mid,0.007428528955119866,0.003420706635183189,Group0_150_0091_10_100,7
late,0.00766180011723355,0.0009727049717504445,Group0_150_0091_10_100,7
early,0.03186750586523905,0.007007394478550531,Group0_150_0091_10_100,8
mid,0.008465571604081158,0.00451429326685183,Group0_150_0091_10_100,8
late,0.00770005007091985,0.0009585371110087835,Group0_150_0091_10_100,8
early,0.0149409932513086,0.0045109108389281725,Group0_150_0091_10_100,9
mid,0.005452354458081108,0.0010282988548768472,Group0_150_0091_10_100,9
late,0.00773367140952628,0.0008971865192369715,Group0_150_0091_10_100,9
early,0.0546810275208944,0.0015650738246272891,Group1_150_0065_10_100,1
mid,0.030813942731764073,0.010594642392163735,Group1_150_0065_10_100,1
late,0.015365750633277669,0.0011564343299678703,Group1_150_0065_10_100,1
early,0.044137786560597164,0.006303905977937375,Group1_150_0065_10_100,2
mid,0.016819566541121364,0.0078784296936208,Group1_150_0065_10_100,2
late,0.009165007237599063,0.0018183855861564047,Group1_150_0065_10_100,2
early,0.02104116538289475,0.004341866196533034,Group1_150_0065_10_100,3
mid,0.00661598780759145,0.00234439351239019,Group1_150_0065_10_100,3
late,0.00977381794049235,0.0018944553180093534,Group1_150_0065_10_100,3
early,0.0189001091428504,0.004055049201361484,Group1_150_0065_10_100,4
mid,0.005987327916102577,0.002103565132157421,Group1_150_0065_10_100,4
late,0.008142591860100273,0.001190119190074857,Group1_150_0065_10_100,4
early,0.01730845807742825,0.0037331729586653987,Group1_150_0065_10_100,5
mid,0.005530920167640447,0.0019229976601800086,Group1_150_0065_10_100,5
late,0.007279178744485226,0.0009792389610519727,Group1_150_0065_10_100,5
early,0.028997716441107966,0.0091049162405419,Group1_150_0065_10_100,6
mid,0.006923130894888718,0.003444855379812613,Group1_150_0065_10_100,6
late,0.006868649240172588,0.0010071468671183634,Group1_150_0065_10_100,6
early,0.026492025779724867,0.00836041595317394,Group1_150_0065_10_100,7
mid,0.006729753617510164,0.0029163542676707613,Group1_150_0065_10_100,7
late,0.006907394092484837,0.0009833732329632095,Group1_150_0065_10_100,7
early,0.012798936432038768,0.003803551185058617,Group1_150_0065_10_100,8
mid,0.004717903518949275,0.0008861221049539157,Group1_150_0065_10_100,8
late,0.007055606988160401,0.000945188568140215,Group1_150_0065_10_100,8
early,0.0045775267624459,0.001483127197892092,Group1_150_0065_10_100,9
mid,0.004505390648371517,0.0012765415972127714,Group1_150_0065_10_100,9
late,0.008196460370159427,0.0008323312373562537,Group1_150_0065_10_100,9
early,0.02766217156651435,0.00035429886180197333,Group1_150_0074_10_100,1
mid,0.018875696961876,0.0032255505904221953,Group1_150_0074_10_100,1
late,0.02101288457586266,0.00253077615270177,Group1_150_0074_10_100,1
early,0.008840665424406367,0.0020937025340335893,Group1_150_0074_10_100,2
mid,0.006184413358262283,0.0014637503749361895,Group1_150_0074_10_100,2
late,0.013593648052447307,0.0024638155049740984,Group1_150_0074_10_100,2
early,0.008193513540762665,0.002316489212109834,Group1_150_0074_10_100,3
mid,0.004464621772349382,0.0008618591598745128,Group1_150_0074_10_100,3
late,0.009738158862543532,0.0019141202848233989,Group1_150_0074_10_100,3
early,0.02617272894885,0.005846839718735757,Group1_150_0074_10_100,4
mid,0.0072289659946090466,0.0032461027003861127,Group1_150_0074_10_100,4
late,0.008142329453027047,0.0010859124291077926,Group1_150_0074_10_100,4
early,0.00874111226923265,0.0017580103929424739,Group1_150_0074_10_100,5
mid,0.004016987843073517,0.0007261794241262576,Group1_150_0074_10_100,5
late,0.007129903910947994,0.0011296210959168137,Group1_150_0074_10_100,5
early,0.013663671682139701,0.004165480940733421,Group1_150_0074_10_100,6
mid,0.00479808009573405,0.0009877791273754449,Group1_150_0074_10_100,6
late,0.007006621997876007,0.0009723081999277265,Group1_150_0074_10_100,6
early,0.007739781520529534,0.002187526057825767,Group1_150_0074_10_100,7
mid,0.003524406593942146,0.0006889324146920335,Group1_150_0074_10_100,7
late,0.0068648606969811815,0.0011203423439099195,Group1_150_0074_10_100,7
early,0.013401977018286399,0.002756961465014851,Group1_150_0074_10_100,8
mid,0.004817447083690333,0.001383761978790741,Group1_150_0074_10_100,8
late,0.006949510793795868,0.0010783003636679086,Group1_150_0074_10_100,8
early,0.0157158789679998,0.0033404493386191237,Group1_150_0074_10_100,9
mid,0.005143585541571184,0.0017978803278869443,Group1_150_0074_10_100,9
late,0.0068365900371521755,0.0010624961596892696,Group1_150_0074_10_100,9
early,0.0208762239739139,0.00048257999743955897,Group1_150_0078_10_100,1
mid,0.020028935981362055,0.0011639362273988048,Group1_150_0078_10_100,1
late,0.026170937273446625,0.002191243807443946,Group1_150_0078_10_100,1
early,0.01591049733335567,0.004236816735530088,Group1_150_0078_10_100,2
mid,0.006463932722951773,0.00102592066477965,Group1_150_0078_10_100,2
late,0.013438082696274611,0.0027680470667253913,Group1_150_0078_10_100,2
early,0.0062905382539664,0.0015943664551553419,Group1_150_0078_10_100,3
mid,0.005589482531121375,0.001789598503707172,Group1_150_0078_10_100,3
late,0.011940646383087224,0.0017241708619530137,Group1_150_0078_10_100,3
early,0.020692962726713997,0.004446173340250539,Group1_150_0078_10_100,4
mid,0.006365459238460639,0.0023815946706908816,Group1_150_0078_10_100,4
late,0.00826249583601424,0.0011509552045135321,Group1_150_0078_10_100,4
early,0.014438729406905068,0.004478498680487889,Group1_150_0078_10_100,5
mid,0.005018835133502825,0.0010333447164572096,Group1_150_0078_10_100,5
late,0.007440347555920593,0.0009720760862423234,Group1_150_0078_10_100,5
early,0.013712368640394799,0.002869317444301861,Group1_150_0078_10_100,6
mid,0.0049104180238028995,0.0014078251990314984,Group1_150_0078_10_100,6
late,0.006965962707764213,0.0010192433439980902,Group1_150_0078_10_100,6
early,0.0201851111824374,0.006210235598844667,Group1_150_0078_10_100,7
mid,0.005818364665579709,0.0018615648718520443,Group1_150_0078_10_100,7
late,0.007116933497980747,0.0009085797977844663,Group1_150_0078_10_100,7
early,0.00576747056005335,0.0014809811208577235,Group1_150_0078_10_100,8
mid,0.004474781287755366,0.0011899481847721328,Group1_150_0078_10_100,8
late,0.008372762733238493,0.0009128291271791048,Group1_150_0078_10_100,8
early,0.011636916175744999,0.002346284716584136,Group1_150_0078_10_100,9
mid,0.0045560384196640085,0.0010840252375274799,Group1_150_0078_10_100,9
late,0.006902410579451144,0.0010207283107050162,Group1_150_0078_10_100,9
early,0.01862985029321845,0.0006805316207941991,Group1_150_0080_10_100,1
mid,0.01796784610931207,0.0010804403986021634,Group1_150_0080_10_100,1
late,0.024435048712429994,0.0023965337585927235,Group1_150_0080_10_100,1
early,0.0120634451807033,0.0020212987930667745,Group1_150_0080_10_100,2
mid,0.006102914366047592,0.0011303041694161707,Group1_150_0080_10_100,2
late,0.013167609161522431,0.0027493962890044192,Group1_150_0080_10_100,2
early,0.006266070756454051,0.0010978369292882675,Group1_150_0080_10_100,3
mid,0.004424809341549692,0.0012386508676008408,Group1_150_0080_10_100,3
late,0.009927591544899193,0.0016163972210549323,Group1_150_0080_10_100,3
early,0.0051390237283671335,0.0017319329245452572,Group1_150_0080_10_100,4
mid,0.005004142979932209,0.0014312458443780406,Group1_150_0080_10_100,4
late,0.00950207297449865,0.0010654616776123338,Group1_150_0080_10_100,4
early,0.012941912988350901,0.003819285720255555,Group1_150_0080_10_100,5
mid,0.004989025067065359,0.000858970959085414,Group1_150_0080_10_100,5
late,0.007496980323174333,0.0009157355761524258,Group1_150_0080_10_100,5
early,0.0033679356286653666,0.0008778079742378866,Group1_150_0080_10_100,6
mid,0.004607980855835384,0.0014580092529926144,Group1_150_0080_10_100,6
late,0.008480358882294274,0.0008050579225546566,Group1_150_0080_10_100,6
early,0.00461759091611805,0.0011369756377200542,Group1_150_0080_10_100,7
mid,0.004539037685699346,0.0014340838748972083,Group1_150_0080_10_100,7
late,0.0085071987215039,0.0007993098374340692,Group1_150_0080_10_100,7
early,0.0121953543311714,0.0025299397447425213,Group1_150_0080_10_100,8
mid,0.004816756329226631,0.0010945444020998931,Group1_150_0080_10_100,8
late,0.007230740813491793,0.0009237422669488697,Group1_150_0080_10_100,8
early,0.009114490650003233,0.0025528613053879515,Group1_150_0080_10_100,9
mid,0.004162012599376346,0.0005701512174498006,Group1_150_0080_10_100,9
late,0.0069796282191901746,0.0010141867333829263,Group1_150_0080_10_100,9
early,0.0394734580832062,0.0011231576961398871,Group2_150_0012_10_100,1
mid,0.022149922667182464,0.006792056533625395,Group2_150_0012_10_100,1
late,0.017837810142606634,0.0022172810325103527,Group2_150_0012_10_100,1
early,0.0128086956572272,0.0030072326063221456,Group2_150_0012_10_100,2
mid,0.0071222580962255,0.001198653480478322,Group2_150_0012_10_100,2
late,0.014067245905903086,0.0025157721287952977,Group2_150_0012_10_100,2
early,0.01954272153155157,0.008152427152279611,Group2_150_0012_10_100,3
mid,0.005895580396395809,0.001223701463940993,Group2_150_0012_10_100,3
late,0.010759739532875727,0.001634485499331229,Group2_150_0012_10_100,3
early,0.01771583730694435,0.0037066912581055792,Group2_150_0012_10_100,4
mid,0.005974675450528458,0.0019119946735963198,Group2_150_0012_10_100,4
late,0.008134999606961244,0.0011879304254934359,Group2_150_0012_10_100,4
early,0.0088552811519546,0.001723006468658766,Group2_150_0012_10_100,5
mid,0.00430350638451145,0.0007151733690923536,Group2_150_0012_10_100,5
late,0.007392878553769794,0.0010490458342721975,Group2_150_0012_10_100,5
early,0.010626611912027,0.0021489018802355784,Group2_150_0012_10_100,6
mid,0.004545741402220285,0.000913754727663537,Group2_150_0012_10_100,6
late,0.0072438473400493735,0.0009202750943099496,Group2_150_0012_10_100,6
early,0.01155998137426055,0.002309600238250578,Group2_150_0012_10_100,7
mid,0.00463266222712165,0.001038885860930157,Group2_150_0012_10_100,7
late,0.007125062233123768,0.0010065752987315436,Group2_150_0012_10_100,7
early,0.0061697603730217,0.0016021196363041783,Group2_150_0012_10_100,8
mid,0.004051304034063533,0.0007685846515327988,Group2_150_0012_10_100,8
late,0.0072771166683752,0.0009384305985585293,Group2_150_0012_10_100,8
early,0.004792978711186234,0.0015649237502182445,Group2_150_0012_10_100,9
mid,0.004565321642234991,0.0011993746181933724,Group2_150_0012_10_100,9
late,0.008230309298119519,0.0009101377940839599,Group2_150_0012_10_100,9
early,0.03342499267590627,0.00358564930117862,Group2_150_0050_10_100,1
mid,0.0168935965179154,0.003951397763840955,Group2_150_0050_10_100,1
late,0.019596207407559352,0.0032273363693105864,Group2_150_0050_10_100,1
early,0.01046291015329885,0.002141213317543071,Group2_150_0050_10_100,2
mid,0.004908111945321383,0.0012041321978862752,Group2_150_0050_10_100,2
late,0.012593450429850418,0.0031344560074652488,Group2_150_0050_10_100,2
early,0.008546797810118,0.002758791071160199,Group2_150_0050_10_100,3
mid,0.004100827539373909,0.0008631357118189537,Group2_150_0050_10_100,3
late,0.009511980101459587,0.001966008835530148,Group2_150_0050_10_100,3
early,0.03450138179346205,0.007913569409441138,Group2_150_0050_10_100,4
mid,0.008154496895095231,0.004886892477275592,Group2_150_0050_10_100,4
late,0.007826436683784086,0.0011240521034062802,Group2_150_0050_10_100,4
early,0.029128945410965532,0.0093516872715932,Group2_150_0050_10_100,5
mid,0.006915501034200442,0.003163849630862631,Group2_150_0050_10_100,5
late,0.00721180342671724,0.0009346389699777552,Group2_150_0050_10_100,5
early,0.01892721301443175,0.004257260484087294,Group2_150_0050_10_100,6
mid,0.005504217242680233,0.002339456672471542,Group2_150_0050_10_100,6
late,0.006761630059007963,0.0010368680615221782,Group2_150_0050_10_100,6
early,0.0156020564441601,0.0034851196119122774,Group2_150_0050_10_100,7
mid,0.005013185832344308,0.0016597294364425399,Group2_150_0050_10_100,7
late,0.006941434454483753,0.0009635490962296849,Group2_150_0050_10_100,7
early,0.0276722541970675,0.006255085337776631,Group2_150_0050_10_100,8
mid,0.0070670757866769,0.003907241244533484,Group2_150_0050_10_100,8
late,0.00689393568434775,0.0010317793808001566,Group2_150_0050_10_100,8
early,0.0072116158415289,0.00215737873874292,Group2_150_0050_10_100,9
mid,0.004099582432615125,0.0009877116336648743,Group2_150_0050_10_100,9
late,0.007841723829080657,0.0009553323611312274,Group2_150_0050_10_100,9
early,0.0162973232999674,0.000721434012185661,Group2_150_0057_10_100,1
mid,0.016795716295245632,0.001242260722279356,Group2_150_0057_10_100,1
late,0.024388600746777643,0.002909313302735904,Group2_150_0057_10_100,1
early,0.018798044426453168,0.007621368622034357,Group2_150_0057_10_100,2
mid,0.006597099089838809,0.0014573268716886756,Group2_150_0057_10_100,2
late,0.014015200394406246,0.0026245423350296938,Group2_150_0057_10_100,2
early,0.010221510936738051,0.0021587882489509515,Group2_150_0057_10_100,3
mid,0.004429722912764983,0.0009838034388028897,Group2_150_0057_10_100,3
late,0.009459075995745962,0.0019238749809868353,Group2_150_0057_10_100,3
early,0.012732336906596699,0.003878251162475574,Group2_150_0057_10_100,4
mid,0.004889781853791309,0.0008585515190944702,Group2_150_0057_10_100,4
late,0.008075588033515914,0.0011531357919436387,Group2_150_0057_10_100,4
early,0.009026957694513567,0.0026432775904546573,Group2_150_0057_10_100,5
mid,0.0038527786272286547,0.0005985784767124919,Group2_150_0057_10_100,5
late,0.007196073676568788,0.0011154764376726382,Group2_150_0057_10_100,5
early,0.0045464736512863,0.0011964423343697314,Group2_150_0057_10_100,6
mid,0.004153218361599834,0.0012858009473858763,Group2_150_0057_10_100,6
late,0.008245023853473537,0.0009465934382163311,Group2_150_0057_10_100,6
early,0.004841422698323567,0.0012766085955915152,Group2_150_0057_10_100,7
mid,0.0033867561048054368,0.0007539903563584662,Group2_150_0057_10_100,7
late,0.0069827666758540624,0.0010781005742814338,Group2_150_0057_10_100,7
early,0.0160472663918762,0.0034689740345460927,Group2_150_0057_10_100,8
mid,0.005266351000675275,0.0017867433283945949,Group2_150_0057_10_100,8
late,0.007044368996783956,0.0010551445026776075,Group2_150_0057_10_100,8
early,0.0079345503756312,0.0022819490997636927,Group2_150_0057_10_100,9
mid,0.003924966446155692,0.0006235348307612342,Group2_150_0057_10_100,9
late,0.00699606421990128,0.0009725316578989103,Group2_150_0057_10_100,9
